SITE,year,month,monthly_mean
ABUR,2002,Aug,14.723642676767676
ABUR,2002,Sep,14.611726851851852
ABUR,2002,Oct,15.402290887486364
ABUR,2002,Nov,15.217277777777777
ABUR,2002,Dec,14.974332437275985
ABUR,2003,Jan,14.980257616487455
ABUR,2003,Feb,14.918710317460318
ABUR,2003,Mar,13.091708122895623
ABUR,2003,Apr,11.93944212962963
ABUR,2003,May,12.483651433691756
ABUR,2003,Jun,14.77612037037037
ABUR,2003,Jul,15.8052688172043
ABUR,2003,Aug,14.122484041929484
ABUR,2003,Sep,15.553038194444444
ABUR,2003,Oct,16.430572843618513
ABUR,2003,Nov,16.032486111111112
ABUR,2003,Dec,14.127049731182796
ABUR,2004,Jan,13.44710685483871
ABUR,2004,Feb,12.999511494252873
ABUR,2004,Mar,13.818166491351098
ABUR,2004,Apr,13.895481582125605
ABUR,2004,May,13.80710685483871
ABUR,2004,Jun,15.217465277777777
ABUR,2004,Jul,14.604026704545454
ABUR,2004,Aug,15.991478494623657
ABUR,2004,Sep,17.76123611111111
ABUR,2004,Oct,17.33459677419355
ABUR,2004,Nov,16.330972222222222
ABUR,2004,Dec,14.875877016129031
ABUR,2005,Jan,14.52200940860215
ABUR,2005,Feb,14.618255208333334
ABUR,2005,Mar,14.0735423971482
ABUR,2005,Apr,12.071450935990338
ABUR,2005,May,12.932880303030302
ABUR,2005,Jun,13.421600694444445
ABUR,2005,Jul,14.621610818713451
ABUR,2005,Aug,16.0587063172043
ABUR,2005,Sep,15.337069444444445
ABUR,2005,Oct,14.967512272089762
ABUR,2005,Nov,15.89551736111111
ABUR,2005,Dec,14.842043010752688
ABUR,2006,Jan,13.489670698924732
ABUR,2006,Feb,13.481409970238095
ABUR,2006,Mar,11.671593055555554
ABUR,2006,Apr,12.39612333937198
ABUR,2006,May,13.51322244623656
ABUR,2006,Jun,14.3248125
ABUR,2006,Jul,14.95473622815231
ABUR,2006,Aug,16.36188172043011
ABUR,2006,Sep,16.143229166666668
ABUR,2006,Oct,16.604205528284243
ABUR,2006,Nov,16.57524652777778
ABUR,2006,Dec,14.93248991935484
ABUR,2007,Jan,13.434883400537634
ABUR,2007,Feb,13.680539434523808
ABUR,2007,Mar,12.801616555633474
ABUR,2007,Apr,12.570489583333334
ABUR,2007,May,12.167039650537635
ABUR,2007,Jun,14.702423611111112
ABUR,2007,Jul,16.14471875
ABUR,2007,Aug,15.468363575268818
ABUR,2007,Sep,15.500413194444445
ABUR,2007,Oct,13.885470430107526
ABUR,2007,Nov,14.293892512077296
ABUR,2007,Dec,13.08232190860215
ABUR,2008,Jan,12.778390456989246
ABUR,2008,Feb,12.503477011494253
ABUR,2008,Mar,12.119023044559189
ABUR,2008,Apr,11.782333333333334
ABUR,2008,May,12.741414650537635
ABUR,2008,Jun,14.090760416666667
ABUR,2008,Jul,15.612523521505377
ABUR,2008,Aug,17.402637497580333
ABUR,2008,Sep,16.37932986111111
ABUR,2008,Oct,15.599171706989248
ABUR,2008,Nov,15.506801328502416
ABUR,2008,Dec,13.949543333333333
ABUR,2009,Jan,13.190547715053764
ABUR,2009,Feb,12.769594494047618
ABUR,2009,Mar,12.761163657082749
ABUR,2009,Apr,12.28464236111111
ABUR,2009,May,13.055934139784947
ABUR,2009,Jun,14.50540544871795
ABUR,2009,Jul,14.38326712962963
ABUR,2009,Aug,14.820422043010753
ABUR,2009,Sep,16.963157638888887
ABUR,2009,Oct,17.352917338709677
ABUR,2009,Nov,15.790905012077294
ABUR,2009,Dec,14.324860215053764
ABUR,2010,Jan,14.558433561515379
ABUR,2010,Feb,14.376520061728396
ABUR,2010,Mar,12.92750172393642
ABUR,2010,Apr,12.530717708333334
ABUR,2010,May,11.771395161290323
ABUR,2010,Jun,15.074142013888888
ABUR,2010,Jul,13.891851805555556
ABUR,2010,Aug,13.343758064516129
ABUR,2010,Sep,13.860499305555555
ABUR,2010,Oct,15.882850806451613
ABUR,2010,Nov,14.355110175120773
ABUR,2010,Dec,13.161424731182796
ABUR,2011,Jan,13.103837701612903
ABUR,2011,Feb,13.503826344164226
ABUR,2011,Mar,11.831067584151473
ABUR,2011,Apr,12.236270049603174
ABUR,2011,May,12.082275537634409
ABUR,2011,Jun,13.711940046296297
ABUR,2011,Jul,15.780681774710505
ABUR,2011,Aug,15.260797715053764
ABUR,2011,Sep,15.299788888888889
ABUR,2011,Oct,15.1473604390681
ABUR,2011,Nov,14.719340841384863
ABUR,2011,Dec,14.182976926523297
ABUR,2012,Jan,14.01728562530441
ABUR,2012,Feb,13.356170977011494
ABUR,2012,Mar,11.936431850942808
ABUR,2012,Apr,12.16383148148148
ABUR,2012,May,13.57138015232975
ABUR,2012,Jun,15.379417824074073
ABUR,2012,Jul,14.717974676274018
ABUR,2012,Aug,15.689515456989247
ABUR,2012,Sep,16.50582222222222
ABUR,2012,Oct,17.422225806451614
ABUR,2012,Nov,15.438270697463768
ABUR,2012,Dec,14.895426747311827
ABUR,2013,Jan,12.599733870967741
ABUR,2013,Feb,12.695313697768126
ABUR,2013,Mar,13.011393612669472
ABUR,2013,Apr,12.896991838235294
ABUR,2013,May,15.051057123655914
ABUR,2013,Jun,15.788561909323116
ABUR,2013,Jul,15.238827620967742
ABUR,2013,Aug,15.814966397849462
ABUR,2013,Sep,15.480152083333333
ABUR,2013,Oct,16.574804771505377
ABUR,2013,Nov,16.129350679347827
ABUR,2013,Dec,14.668931115591398
ABUR,2014,Jan,15.187923387096774
ABUR,2014,Feb,14.513512270968059
ABUR,2014,Mar,14.788238882071061
ABUR,2014,Apr,12.542832291666667
ABUR,2014,May,13.934649529569892
ABUR,2014,Jun,16.129882986111113
ABUR,2014,Jul,18.122679099462367
ABUR,2014,Aug,16.719118279569894
ABUR,2014,Sep,17.971380902777778
ABUR,2014,Oct,20.004633064516128
ABUR,2014,Nov,18.323589024758455
ABUR,2014,Dec,17.6191999327957
ABUR,2015,Jan,16.19305813172043
ABUR,2015,Feb,16.21710313343455
ABUR,2015,Mar,15.729769270102851
ABUR,2015,Apr,13.859500347222223
ABUR,2015,May,13.623090053763441
ABUR,2015,Jun,15.452979166666665
ABUR,2015,Jul,16.69735480678504
ABUR,2015,Aug,18.300867943548386
ABUR,2015,Sep,20.84079513888889
ABUR,2015,Oct,20.543538978494624
ABUR,2015,Nov,17.125159163647343
ABUR,2015,Dec,16.304239558691755
ABUR,2016,Jan,14.923706653225807
ABUR,2016,Feb,15.110940732758621
ABUR,2016,Mar,14.633083742402992
ABUR,2016,Apr,13.827640277777778
ABUR,2016,May,14.253439516129033
ABUR,2016,Jun,14.758029861111112
ABUR,2016,Jul,16.794000314407814
ABUR,2016,Aug,16.355450268817204
ABUR,2016,Sep,17.231370138888888
ABUR,2016,Oct,16.203336693548387
ABUR,2016,Nov,16.26927971014493
ABUR,2016,Dec,14.355743279569893
ABUR,2017,Jan,14.01032576516974
ABUR,2017,Feb,14.099401413690476
ABUR,2017,Mar,13.75985182912576
ABUR,2017,Apr,12.8731375
ABUR,2017,May,13.357249327956989
ABUR,2017,Jun,15.055189930555557
ABUR,2017,Jul,16.320931022727272
ABUR,2017,Aug,17.089259744623657
ABUR,2017,Sep,16.988794444444444
ABUR,2017,Oct,17.600068884408604
ABUR,2017,Nov,16.32281591183575
ABUR,2017,Dec,15.440710895247657
ABUR,2018,Jan,15.201275985663083
ABUR,2018,Feb,14.158563492063493
ABUR,2018,Mar,12.954742967897772
ABUR,2018,Apr,12.39961712962963
ABUR,2018,May,13.073810035842294
ABUR,2018,Jun,15.632650925925926
ABUR,2018,Jul,16.97019223137973
ABUR,2018,Aug,18.90231922043011
ABUR,2018,Sep,17.932332638888887
ABUR,2018,Oct,18.026800403225806
ABUR,2018,Nov,18.122508665458938
ABUR,2018,Dec,15.618827073654664
ABUR,2019,Jan,14.952558803763441
ABUR,2019,Feb,13.856446428571429
ABUR,2019,Mar,13.243764945652174
ABUR,2019,Apr,13.230415277777778
ABUR,2019,May,12.947542338709678
ABUR,2019,Jun,14.832316319444445
ABUR,2019,Jul,15.733159656862746
ABUR,2019,Aug,16.325556451612904
ABUR,2019,Sep,17.37098784722222
ABUR,2019,Oct,17.143163978494623
ABUR,2019,Nov,16.830815368357488
ABUR,2019,Dec,15.359239919354838
ABUR,2020,Jan,15.161454741863075
ABUR,2020,Feb,14.897969228927204
ABUR,2020,Mar,14.808012379227053
ABUR,2020,Apr,14.058223726851852
ABUR,2020,May,13.732885528673835
ABUR,2020,Jun,14.960829282407408
ABUR,2020,Jul,14.904981708238852
ABUR,2020,Aug,15.689010752688173
ABUR,2020,Sep,16.563034722222223
ABUR,2020,Oct,18.114184139784946
ABUR,2020,Nov,14.554892995169082
ABUR,2020,Dec,14.198954301075268
ABUR,2021,Jan,13.720400537634408
ABUR,2021,Feb,12.846166666666667
ABUR,2021,Mar,12.073961839644694
ABUR,2021,Apr,12.7138625
ABUR,2021,May,14.152182795698925
ABUR,2021,Jun,15.314404166666666
ABUR,2021,Jul,16.628789141414142
AHND,2002,Sep,15.311163194444445
AHND,2002,Oct,15.441858345021037
AHND,2002,Nov,15.070199074074074
AHND,2002,Dec,14.784690860215052
AHND,2003,Jan,14.811093189964158
AHND,2003,Feb,14.68423363095238
AHND,2003,Mar,12.810396505376344
AHND,2003,Apr,11.011157407407406
AHND,2003,Aug,15.238932598039215
AHND,2003,Sep,16.44964236111111
AHND,2003,Oct,16.80159332632071
AHND,2003,Nov,15.731715277777777
AHND,2003,Dec,14.096888440860214
AHND,2004,Jan,13.582886424731184
AHND,2004,Feb,12.99236709770115
AHND,2004,Mar,13.81742023141655
AHND,2004,Apr,13.7206663647343
AHND,2004,May,13.8903561827957
AHND,2004,Jun,15.740107638888889
AHND,2004,Jul,16.303833775252524
AHND,2004,Aug,16.631754032258065
AHND,2004,Sep,17.726861111111113
AHND,2004,Oct,17.413797335203366
AHND,2004,Nov,16.160222222222224
AHND,2004,Dec,14.977634408602151
AHND,2005,Jan,14.767836021505376
AHND,2005,Feb,14.721763392857143
AHND,2005,Mar,14.101152992052361
AHND,2005,Apr,12.032824879227054
AHND,2005,May,12.734522849462365
AHND,2005,Jun,13.4804375
AHND,2005,Jul,15.646467643467643
AHND,2005,Aug,16.975
AHND,2005,Sep,15.65353125
AHND,2005,Oct,14.817675753856943
AHND,2005,Nov,15.59353125
AHND,2005,Dec,14.580789650537634
AHND,2006,Jan,13.157557123655915
AHND,2006,Feb,12.851856398809524
AHND,2006,Mar,11.637879704301074
AHND,2006,Apr,12.261464824879226
AHND,2006,May,13.637483120780194
AHND,2006,Jun,14.719333001768346
AHND,2006,Jul,16.05446711142322
AHND,2006,Aug,16.801300403225806
AHND,2006,Sep,16.179725694444443
AHND,2006,Oct,16.2759243513324
AHND,2006,Nov,15.931225694444445
AHND,2006,Dec,14.56323252688172
AHND,2007,Jan,13.22044399641577
AHND,2007,Feb,13.531246279761906
AHND,2007,Mar,12.52876241818607
AHND,2007,Apr,12.306333333333333
AHND,2007,May,12.48551747311828
AHND,2007,Jun,14.75696875
AHND,2007,Jul,16.697371644818976
AHND,2007,Aug,16.284166666666668
AHND,2007,Sep,15.488010416666667
AHND,2007,Oct,13.572862903225806
AHND,2007,Nov,14.082822312801932
AHND,2007,Dec,12.839247311827958
AHND,2008,Jan,12.754791666666666
AHND,2008,Feb,12.387205459770115
AHND,2008,Mar,11.722052618577075
AHND,2008,Apr,10.873884722222222
AHND,2008,May,12.133272849462365
AHND,2008,Jun,13.831690972222223
AHND,2008,Jul,15.888674134199134
AHND,2008,Aug,18.197691532258066
AHND,2008,Sep,17.050083333333333
AHND,2008,Oct,15.51919690860215
AHND,2008,Nov,15.182888134057972
AHND,2008,Dec,14.040698924731183
AHND,2009,Jan,13.224381720430108
AHND,2009,Feb,12.784569444444445
AHND,2009,Mar,12.707294721407624
AHND,2009,Apr,11.865493055555556
AHND,2009,May,12.92163306451613
AHND,2009,Jun,14.556347222222222
AHND,2009,Jul,15.157233283730159
AHND,2009,Aug,15.252271505376344
AHND,2009,Sep,17.513730902777777
AHND,2009,Oct,16.71172446236559
AHND,2009,Nov,15.693111579106281
AHND,2009,Dec,14.258317876344085
AHND,2010,Jan,14.535455981182796
AHND,2010,Feb,14.283577008928571
AHND,2010,Mar,12.509615748556998
AHND,2010,Apr,12.452843402777777
AHND,2010,May,11.423510752688172
AHND,2010,Jun,14.966103294334976
AHND,2010,Jul,14.816438508064516
AHND,2010,Aug,14.1923125
AHND,2010,Sep,14.419268055555555
AHND,2010,Oct,15.524770161290322
AHND,2010,Nov,14.057216847826087
AHND,2010,Dec,12.978147849462365
AHND,2011,Jan,12.953826131398252
AHND,2011,Feb,13.280078125
AHND,2011,Mar,11.365498597475456
AHND,2011,Apr,11.74660625
AHND,2011,May,11.735071908602151
AHND,2011,Jun,13.674834770114943
AHND,2011,Jul,16.400417338709676
AHND,2011,Aug,16.273839381720432
AHND,2011,Sep,15.77261388888889
AHND,2011,Oct,15.292199596774195
AHND,2011,Nov,14.697323852657005
AHND,2011,Dec,14.218475134408603
AHND,2012,Jan,13.982153225806451
AHND,2012,Feb,13.017803281068526
AHND,2012,Jul,15.755315746753247
AHND,2012,Aug,16.857181451612902
AHND,2012,Sep,17.460395138888888
AHND,2012,Oct,17.23099059139785
AHND,2012,Nov,15.575890006038648
AHND,2012,Dec,14.783090053763441
AHND,2013,Jan,12.404484723446272
AHND,2013,Feb,12.415548735119048
AHND,2013,Mar,12.965376344086021
AHND,2013,Apr,12.519786458333334
AHND,2013,May,14.553306115591399
AHND,2013,Jun,15.839163541666666
AHND,2013,Jul,16.14770610745614
AHND,2013,Aug,16.45597110215054
AHND,2013,Sep,15.996633333333333
AHND,2013,Oct,16.57775806451613
AHND,2013,Nov,16.042357518115942
AHND,2013,Dec,14.530852150537635
AHND,2014,Jan,15.142577956989248
AHND,2014,Feb,14.312684523809525
AHND,2014,Mar,14.348245792426368
AHND,2014,Apr,12.296178472222222
AHND,2014,May,13.440438389227642
AHND,2014,Jun,16.316501388888888
AHND,2014,Jul,18.15719878968254
AHND,2014,Aug,17.332636088709677
AHND,2014,Sep,17.74721736111111
AHND,2014,Oct,19.296977822580644
AHND,2014,Nov,18.073685175120772
AHND,2014,Dec,17.50922009408602
AHND,2015,Jan,16.162371574074072
AHND,2015,Feb,16.06876488095238
AHND,2015,Mar,15.62793267882188
AHND,2015,Apr,13.329456597222222
AHND,2015,May,13.282723454301076
AHND,2015,Jun,15.711303125
AHND,2015,Jul,16.8890547300363
AHND,2015,Aug,18.51974327956989
AHND,2015,Sep,20.866778819444445
AHND,2015,Oct,19.718613575268815
AHND,2015,Nov,17.00896136709871
AHND,2015,Dec,16.22709126344086
AHND,2016,Jan,14.732039650537635
AHND,2016,Feb,14.826491379310346
AHND,2016,Mar,14.1333103085554
AHND,2016,Apr,13.345100694444444
AHND,2016,May,13.94617002688172
AHND,2016,Jun,15.131427777777777
AHND,2016,Jul,17.141379398148146
AHND,2016,Aug,17.27662264784946
AHND,2016,Sep,17.233078819444444
AHND,2016,Oct,16.084585349462365
AHND,2016,Nov,15.83152592089372
AHND,2016,Dec,14.310433803763441
AHND,2017,Jan,13.84135592567155
AHND,2017,Feb,13.795031250000001
AHND,2017,Mar,13.332116672510518
AHND,2017,Apr,12.422129166666666
AHND,2017,May,13.058323252688172
AHND,2017,Jun,15.03815
AHND,2017,Jul,16.419306967592593
AHND,2017,Aug,17.666425739247313
AHND,2017,Sep,16.987965972222224
AHND,2017,Oct,17.1640436827957
AHND,2017,Nov,15.867862545289855
AHND,2017,Dec,15.300490699327911
AHND,2018,Jan,14.999780689964158
AHND,2018,Feb,13.98892013888889
AHND,2018,Mar,12.797014054464704
AHND,2018,Apr,12.112085185185185
AHND,2018,May,12.83639314516129
AHND,2018,Jun,15.869107407407407
AHND,2018,Jul,17.597169268966546
AHND,2018,Aug,19.2352624327957
AHND,2018,Sep,17.957743402777776
AHND,2018,Oct,18.153975806451612
AHND,2018,Nov,17.818154468599033
AHND,2018,Dec,15.375779719650206
AHND,2019,Jan,15.067633064516128
AHND,2019,Feb,13.90484263392857
AHND,2019,Mar,13.123015632304815
AHND,2019,Apr,12.975578819444445
AHND,2019,May,12.928246975806452
AHND,2019,Jun,15.219759401351121
AHND,2019,Jul,16.37217876344086
AHND,2019,Aug,16.75551612903226
AHND,2019,Sep,17.541388541666667
AHND,2019,Oct,16.667613575268817
AHND,2019,Nov,16.554013481280194
AHND,2019,Dec,14.970820492202728
AHND,2020,Jan,14.979038194444446
AHND,2020,Feb,14.857529454022988
AHND,2020,Mar,14.745132850241546
AHND,2020,Apr,14.134032407407407
AHND,2020,May,13.601775537634408
AHND,2020,Jun,15.170745949074075
AHND,2020,Jul,15.89249199135425
AHND,2021,Jan,13.379344907407408
AHND,2021,Feb,12.513645089285715
AHND,2021,Mar,11.543936642901667
AHND,2021,Apr,12.285430555555555
AHND,2021,May,13.630803763440861
AHND,2021,Jun,15.177542592592593
AHND,2021,Jul,17.07061145833333
AQUE,2003,Mar,12.604678151709402
AQUE,2003,Apr,11.301195496632996
AQUE,2003,May,12.326575940860215
AQUE,2003,Jun,14.616442899461171
AQUE,2003,Aug,15.041673611111111
AQUE,2003,Sep,16.10912847222222
AQUE,2003,Oct,16.465807766479664
AQUE,2003,Nov,15.609864583333334
AQUE,2003,Dec,13.94961693548387
AQUE,2004,Jan,13.350372983870967
AQUE,2004,Feb,12.800625
AQUE,2004,Mar,13.516957690509583
AQUE,2004,Apr,13.362574275362318
AQUE,2004,May,13.38560819892473
AQUE,2004,Jun,15.069121527777778
AQUE,2004,Jul,15.67983796897547
AQUE,2004,Aug,16.426743951612902
AQUE,2004,Sep,17.69821875
AQUE,2004,Oct,17.38716719261337
AQUE,2004,Nov,16.15528125
AQUE,2004,Dec,14.913434139784947
AQUE,2005,Jan,14.751149193548388
AQUE,2005,Feb,14.66602306547619
AQUE,2005,Mar,14.020559402758298
AQUE,2005,Apr,11.980027928743961
AQUE,2005,May,12.67395497311828
AQUE,2005,Jun,13.423482638888888
AQUE,2005,Jul,15.660523232323232
AQUE,2005,Aug,17.08099798387097
AQUE,2005,Sep,15.765958333333334
AQUE,2005,Oct,14.918521505376344
AQUE,2005,Nov,15.641597222222222
AQUE,2005,Dec,14.67115255376344
AQUE,2006,Jan,13.264543010752687
AQUE,2006,Feb,13.227377232142857
AQUE,2006,Mar,11.58022633744856
AQUE,2006,Apr,12.165170742753624
AQUE,2006,May,13.588834005376345
AQUE,2006,Jun,14.783145833333334
AQUE,2006,Jul,16.147784605181023
AQUE,2006,Aug,17.401149193548388
AQUE,2006,Sep,16.625211805555555
AQUE,2006,Oct,16.76034595605423
AQUE,2006,Nov,16.33534375
AQUE,2006,Dec,14.877305107526881
AQUE,2007,Jan,13.417820116487455
AQUE,2007,Feb,13.686938244047619
AQUE,2007,Mar,12.677829593267882
AQUE,2007,Apr,12.462246527777777
AQUE,2007,May,12.655215053763442
AQUE,2007,Jun,15.036309027777778
AQUE,2007,Jul,17.02744120630462
AQUE,2007,Aug,16.65537298387097
AQUE,2007,Sep,15.812114583333333
AQUE,2007,Oct,13.888076276881721
AQUE,2007,Nov,14.388895531400966
AQUE,2007,Dec,13.084546370967741
AQUE,2008,Jan,12.964580263157895
AQUE,2008,Feb,12.602327586206895
AQUE,2008,Mar,12.02565275829827
AQUE,2008,Apr,11.395072916666667
AQUE,2008,May,12.666596102150537
AQUE,2008,Jun,14.464885416666666
AQUE,2008,Jul,16.636790049467276
AQUE,2008,Aug,18.340873655913978
AQUE,2008,Sep,17.226354166666667
AQUE,2008,Oct,15.54780745967742
AQUE,2008,Nov,15.13853713768116
AQUE,2008,Dec,14.217071920417252
AQUE,2009,Jan,13.522452956989246
AQUE,2009,Feb,13.08382068452381
AQUE,2009,Mar,13.076387157869013
AQUE,2009,Apr,12.241788194444444
AQUE,2009,May,13.29817876344086
AQUE,2009,Jun,15.00917361111111
AQUE,2009,Jul,15.602308333333333
AQUE,2009,Aug,15.58259307795699
AQUE,2009,Sep,17.929621875
AQUE,2009,Oct,16.85779872311828
AQUE,2009,Nov,15.885025347222221
AQUE,2009,Dec,14.393155241935483
AQUE,2010,Jan,14.652955981182796
AQUE,2010,Feb,14.399616955412437
AQUE,2010,Mar,12.683557824918186
AQUE,2010,Apr,12.604117708333334
AQUE,2010,May,11.52735752688172
AQUE,2010,Jun,15.164021527777779
AQUE,2010,Jul,14.929303993986169
AQUE,2010,Aug,14.292817204301075
AQUE,2010,Sep,14.523500347222223
AQUE,2010,Oct,15.597246639784947
AQUE,2010,Nov,14.126955827294687
AQUE,2010,Dec,13.009322522131216
AQUE,2011,Jan,12.997742271505377
AQUE,2011,Feb,13.338491443452382
AQUE,2011,Mar,11.466652349228612
AQUE,2011,Apr,11.862793055555557
AQUE,2011,May,11.852007056451614
AQUE,2011,Jun,13.890329166666668
AQUE,2011,Jul,16.429968752870693
AQUE,2011,Aug,16.286373655913977
AQUE,2011,Sep,15.739936111111112
AQUE,2011,Oct,15.27018817204301
AQUE,2011,Nov,14.622896286231885
AQUE,2011,Dec,14.165033602150539
AQUE,2012,Jan,13.965013069444444
AQUE,2012,Feb,12.969899425287357
AQUE,2012,Mar,11.736282857059374
AQUE,2012,Apr,12.052565972222222
AQUE,2012,May,13.425350806451613
AQUE,2012,Jun,15.361607291666667
AQUE,2012,Jul,15.472128287578967
AQUE,2012,Aug,16.874555779569892
AQUE,2012,Sep,17.492567708333333
AQUE,2012,Oct,17.21350504032258
AQUE,2012,Nov,15.50192243357488
AQUE,2012,Dec,14.699334341397849
AQUE,2013,Jan,12.397157230056143
AQUE,2013,Feb,12.5761953125
AQUE,2013,Mar,13.131515398550725
AQUE,2013,Apr,12.696233680555556
AQUE,2013,May,14.753177755376344
AQUE,2013,Jun,16.132556944444445
AQUE,2013,Jul,16.459502684407095
AQUE,2013,Aug,16.61925940860215
AQUE,2013,Sep,16.167823958333333
AQUE,2013,Oct,16.7115188172043
AQUE,2013,Nov,16.145039673913043
AQUE,2013,Dec,14.555084005376344
AQUE,2014,Jan,15.209347536803108
AQUE,2014,Feb,14.417815848214286
AQUE,2014,Mar,14.472536553295933
AQUE,2014,Apr,12.4617375
AQUE,2014,May,13.587522849462365
AQUE,2014,Jun,16.61057361111111
AQUE,2014,Jul,18.43401907001045
AQUE,2014,Aug,17.605084005376344
AQUE,2014,Sep,18.021706944444443
AQUE,2014,Oct,19.56316733870968
AQUE,2014,Nov,18.17883345410628
AQUE,2014,Dec,17.41636323924731
AQUE,2015,Jan,16.219943236367126
AQUE,2015,Feb,16.20635193452381
AQUE,2015,Mar,15.8725826028518
AQUE,2015,Apr,13.621697916666667
AQUE,2015,May,13.603297043010754
AQUE,2015,Jun,16.048193402777777
AQUE,2015,Jul,17.274134473652257
AQUE,2015,Aug,18.88869455645161
AQUE,2015,Sep,21.184288541666668
AQUE,2015,Oct,19.995838037634407
AQUE,2015,Nov,17.032983531464115
AQUE,2015,Dec,16.236915322580646
AQUE,2016,Jan,14.772277553763441
AQUE,2016,Feb,14.885849497126436
AQUE,2016,Mar,14.333620120383356
AQUE,2016,Apr,13.427283173894558
AQUE,2016,May,14.08143682795699
AQUE,2016,Jun,15.324211805555555
AQUE,2016,Jul,17.4707625
AQUE,2016,Aug,17.584043010752687
AQUE,2016,Sep,17.373274305555555
AQUE,2016,Oct,16.253474462365592
AQUE,2016,Nov,15.995962952898552
AQUE,2016,Dec,14.379704301075268
AQUE,2017,Jan,13.82238447911929
AQUE,2017,Feb,13.790266549876685
AQUE,2017,Mar,13.302108228143993
AQUE,2017,Apr,12.188863194444444
AQUE,2017,May,13.302361559139785
AQUE,2017,Jun,15.583765972222222
AQUE,2017,Jul,17.087458503592877
AQUE,2017,Aug,18.053717741935483
AQUE,2017,Sep,17.353415277777778
AQUE,2017,Oct,17.504859154929576
AQUE,2018,Jan,14.063
AQUE,2018,Feb,14.05971626984127
AQUE,2018,Mar,12.894101235000779
AQUE,2018,Apr,12.230393518518518
AQUE,2018,May,13.07448835125448
AQUE,2018,Jun,16.30023909536977
AQUE,2018,Jul,18.003257728494624
AQUE,2018,Aug,19.78880813172043
AQUE,2018,Sep,18.249705555555554
AQUE,2018,Oct,18.475095094086022
AQUE,2018,Nov,17.956190911835748
AQUE,2018,Dec,15.435421370967742
AQUE,2019,Jan,15.038944700950951
AQUE,2019,Feb,13.884606150793651
AQUE,2019,Mar,13.195083080099735
AQUE,2019,Apr,13.098075
AQUE,2019,May,13.09782123655914
AQUE,2019,Jun,15.369513425925925
AQUE,2019,Jul,16.704336074561404
AQUE,2019,Aug,17.109601478494625
AQUE,2019,Sep,17.869480092592593
AQUE,2019,Oct,16.87988508064516
AQUE,2019,Nov,16.753746115136877
AQUE,2019,Dec,14.99360496118769
AQUE,2020,Jan,14.981726590501793
AQUE,2020,Feb,14.870536278735631
AQUE,2020,Mar,14.772738024972728
AQUE,2020,Apr,14.156017361111111
AQUE,2020,May,13.681113687275985
AQUE,2020,Jun,15.258678703703703
AQUE,2020,Jul,15.973097021676054
AQUE,2020,Aug,16.53509453405018
AQUE,2020,Sep,17.407805787037038
AQUE,2020,Oct,18.62532258064516
AQUE,2020,Nov,14.51480395531401
AQUE,2020,Dec,14.15056832437276
AQUE,2021,Jan,13.707779793906811
AQUE,2021,Feb,12.631480158730158
AQUE,2021,Mar,11.68737974326009
AQUE,2021,Apr,12.450505555555555
AQUE,2021,May,13.795418682795699
AQUE,2021,Jun,15.308737037037037
AQUE,2021,Jul,17.562304058101226
BULL,2003,Apr,11.570627717391305
BULL,2003,May,12.337251344086022
BULL,2003,Jun,14.365130787037037
BULL,2003,Jul,15.903185483870967
BULL,2003,Aug,14.160571422650817
BULL,2003,Sep,16.106631944444445
BULL,2003,Oct,16.66752074567555
BULL,2003,Nov,15.346840277777778
BULL,2003,Dec,13.88676747311828
BULL,2004,Jan,13.180336021505376
BULL,2004,Feb,12.689173850574713
BULL,2004,Mar,13.360427185600749
BULL,2004,Apr,13.019515096618358
BULL,2004,May,12.72299059139785
BULL,2004,Jun,14.444662927350427
BULL,2004,Jul,15.455745833333333
BULL,2004,Aug,16.267755376344088
BULL,2004,Sep,17.226857638888887
BULL,2004,Oct,17.068884554698457
BULL,2004,Nov,15.811364583333333
BULL,2004,Dec,14.675927419354839
BULL,2005,Jan,14.506555779569892
BULL,2005,Feb,14.51208705357143
BULL,2005,Mar,13.932047685834501
BULL,2005,Apr,11.654788496376812
BULL,2005,May,12.285547715053763
BULL,2005,Jun,12.686520833333333
BULL,2005,Jul,15.181947904368359
BULL,2005,Aug,16.8156686827957
BULL,2005,Sep,14.991711805555555
BULL,2005,Oct,14.586428383590462
BULL,2005,Nov,15.336319444444445
BULL,2005,Dec,14.38376008064516
BULL,2006,Jan,12.99324260752688
BULL,2006,Feb,13.077369791666667
BULL,2006,Mar,11.249327956989248
BULL,2006,Apr,12.106803384022275
BULL,2006,May,13.328461021505376
BULL,2006,Jun,14.175295138888888
BULL,2006,Jul,15.9124219335206
BULL,2006,Aug,16.417950268817204
BULL,2006,Sep,16.019430555555555
BULL,2006,Oct,16.181048387096773
BULL,2006,Nov,15.663340277777777
BULL,2006,Dec,14.607842741935483
BULL,2007,Jan,13.230033042114695
BULL,2007,Feb,13.569136904761905
BULL,2007,Mar,12.51406863604488
BULL,2007,Apr,12.00659375
BULL,2007,May,12.285396505376344
BULL,2007,Jun,14.045645833333333
BULL,2007,Jul,16.032975577403246
BULL,2007,Aug,15.956979166666667
BULL,2007,Sep,15.024190972222222
BULL,2007,Oct,13.405897177419355
BULL,2007,Nov,14.04403638285024
BULL,2007,Dec,12.817318548387098
BULL,2008,Jan,12.784734543010753
BULL,2008,Feb,12.44579382183908
BULL,2008,Mar,11.504708790484454
BULL,2008,Apr,10.702720643939394
BULL,2008,May,11.791132392473118
BULL,2008,Jun,13.293847222222222
BULL,2008,Jul,15.253174740878938
BULL,2008,Aug,17.772399193548388
BULL,2008,Sep,16.821104166666668
BULL,2008,Oct,15.224435483870968
BULL,2008,Nov,14.7876663647343
BULL,2008,Dec,13.711209677419355
BULL,2009,Jan,13.053790322580644
BULL,2009,Feb,11.999981481481482
BULL,2009,Mar,11.546388990713588
BULL,2009,Apr,10.776760416666667
BULL,2009,May,11.742096774193548
BULL,2009,Jun,13.182559027777778
BULL,2009,Jul,14.904900762195123
BULL,2009,Aug,15.296687163978495
BULL,2009,Sep,17.553746180555557
BULL,2009,Oct,16.389738575268815
BULL,2009,Nov,15.54921388888889
BULL,2009,Dec,14.138547379032259
BULL,2010,Jan,14.550718413978494
BULL,2010,Feb,14.195275669642857
BULL,2010,Mar,12.400444208099907
BULL,2010,Apr,12.29794375
BULL,2010,May,11.149590053763442
BULL,2010,Jun,14.073042376558451
BULL,2010,Jul,14.284334677419356
BULL,2010,Aug,13.944637096774194
BULL,2010,Sep,14.039347222222222
BULL,2010,Oct,15.498346774193548
BULL,2010,Nov,13.96329770531401
BULL,2010,Dec,12.731135752688173
BULL,2011,Jan,12.750005412679426
BULL,2011,Feb,13.176308035714285
BULL,2011,Mar,11.241449465287518
BULL,2011,Apr,11.554051736111111
BULL,2011,May,11.544483534946236
BULL,2011,Jun,13.334466454184879
BULL,2011,Jul,15.660730174731183
BULL,2011,Aug,15.491884744623656
BULL,2011,Sep,15.684357986111111
BULL,2011,Oct,15.05599059139785
BULL,2011,Nov,14.468113526570049
BULL,2011,Dec,13.917575268817204
BULL,2012,Jan,13.693846774193549
BULL,2012,Feb,12.644625248494668
BULL,2012,Mar,11.431518451963534
BULL,2012,Apr,11.746917708333333
BULL,2012,May,12.638663306451614
BULL,2012,Jun,14.431066666666666
BULL,2012,Jul,15.156618376262626
BULL,2012,Aug,16.684906586021505
BULL,2012,Sep,17.176472569444442
BULL,2012,Oct,16.95526008064516
BULL,2012,Nov,15.500986790458937
BULL,2012,Dec,14.522758064516129
BULL,2013,Jan,12.271249677982425
BULL,2013,Feb,12.267075892857143
BULL,2013,Mar,12.818012535063113
BULL,2013,Apr,12.404565972222223
BULL,2013,May,13.717354838709678
BULL,2013,Jun,15.227146527777778
BULL,2013,Jul,15.878337160609858
BULL,2013,Aug,15.722007728494624
BULL,2013,Sep,15.406776041666667
BULL,2013,Oct,16.42215188172043
BULL,2013,Nov,15.79801287741546
BULL,2013,Dec,14.314091061827957
BULL,2014,Jan,14.928914650537635
BULL,2014,Feb,14.023478422619048
BULL,2014,Mar,14.042852179756895
BULL,2014,Apr,12.066669444444445
BULL,2014,May,13.013968982323233
BULL,2014,Jun,15.634264583333334
BULL,2014,Jul,17.75592237903226
BULL,2014,Aug,17.164912859347442
BULL,2014,Sep,17.24488263888889
BULL,2014,Oct,19.19915255376344
BULL,2014,Nov,17.844620833333334
BULL,2014,Dec,17.252248319892473
BULL,2015,Jan,16.109986538897527
BULL,2015,Feb,15.914876904761904
BULL,2015,Mar,15.439810542309491
BULL,2015,Apr,12.920601736111111
BULL,2015,May,12.95916633064516
BULL,2015,Jun,15.345765972222223
BULL,2015,Jul,16.40232981321839
BULL,2015,Aug,17.72968178763441
BULL,2015,Sep,20.61824236111111
BULL,2015,Oct,19.247736559139785
BULL,2015,Nov,16.772302918097402
BULL,2015,Dec,16.022557907706094
BULL,2016,Jan,14.469813844086021
BULL,2016,Feb,14.628512212643678
BULL,2016,Mar,13.933723030621787
BULL,2016,Apr,13.073133333333333
BULL,2016,May,13.546264448924731
BULL,2016,Jun,14.686280902777778
BULL,2016,Jul,16.46976077682885
BULL,2016,Aug,16.713386424731183
BULL,2016,Sep,16.885185069444443
BULL,2016,Oct,15.80489180107527
BULL,2016,Nov,15.661553321256038
BULL,2016,Dec,14.110888276874283
BULL,2017,Jan,13.704697244623656
BULL,2017,Feb,13.736457961309524
BULL,2017,Mar,13.115358038218794
BULL,2017,Apr,11.790489583333333
BULL,2017,May,12.874247311827958
BULL,2017,Jun,14.72772048611111
BULL,2017,Jul,16.57697687304382
BULL,2017,Aug,17.2377688172043
BULL,2017,Sep,16.63904722222222
BULL,2017,Oct,16.98614583333333
BULL,2017,Nov,15.70444871678744
BULL,2017,Dec,15.123942142996869
BULL,2018,Jan,14.879337365591399
BULL,2018,Feb,13.894928943452381
BULL,2018,Mar,12.744748378330996
BULL,2018,Apr,11.934425694444444
BULL,2018,May,12.388733198924731
BULL,2018,Jun,15.332955555555555
BULL,2018,Jul,17.29423747270639
BULL,2018,Aug,18.622494287634407
BULL,2018,Sep,17.441974652777777
BULL,2018,Oct,17.936629704301076
BULL,2018,Nov,17.851493055555554
BULL,2018,Dec,15.115489333181438
BULL,2019,Jan,14.88153125
BULL,2019,Feb,13.665553571428571
BULL,2019,Mar,12.88974869974287
BULL,2019,Apr,12.744098611111111
BULL,2019,May,12.403817204301076
BULL,2019,Jun,14.987346601505585
BULL,2019,Jul,15.707829301075268
BULL,2019,Aug,16.299094086021505
BULL,2019,Sep,17.121696875
BULL,2019,Oct,16.27202116935484
BULL,2019,Nov,16.4901509057971
BULL,2019,Dec,14.775124537037037
BULL,2020,Jan,14.605767473118279
BULL,2020,Feb,14.689072198275863
BULL,2020,Mar,14.675981611344865
BULL,2020,Apr,13.604018518518519
BULL,2020,May,13.116759744623655
BULL,2020,Jun,14.751164814814814
BULL,2020,Jul,15.351177247538017
BULL,2020,Aug,16.028150649641578
BULL,2020,Sep,17.175679513888888
BULL,2020,Oct,18.179744959677418
BULL,2020,Nov,14.324260300925927
BULL,2020,Dec,13.876974238351254
BULL,2021,Jan,13.417318436379928
BULL,2021,Feb,12.297807787698414
BULL,2021,Mar,11.417798956872371
BULL,2021,Apr,11.775580902777778
BULL,2021,May,13.734087897085285
CARP,2002,Aug,15.499387500000001
CARP,2002,Sep,14.87793287037037
CARP,2002,Oct,15.851859757285336
CARP,2002,Nov,15.496620370370369
CARP,2002,Dec,14.898950492831542
CARP,2003,Jan,15.03503136200717
CARP,2003,Feb,15.033929811507937
CARP,2003,Mar,13.74382322402797
CARP,2003,Apr,12.898336910774411
CARP,2003,May,13.509367159498208
CARP,2003,Jun,15.505045138888889
CARP,2003,Jul,17.12251008064516
CARP,2003,Aug,14.651038868672165
CARP,2003,Sep,16.320975694444446
CARP,2003,Oct,17.19773185483871
CARP,2003,Nov,16.403590277777777
CARP,2003,Dec,14.038182123655915
CARP,2004,Jan,13.424895833333334
CARP,2004,Feb,13.18513290229885
CARP,2004,Mar,14.310417981533426
CARP,2004,Apr,14.68111533816425
CARP,2004,May,14.999885752688172
CARP,2004,Jun,16.466625
CARP,2004,Jul,15.385196347402598
CARP,2004,Aug,16.77773556998557
CARP,2004,Sep,19.01865972222222
CARP,2004,Oct,17.821338388265545
CARP,2004,Nov,16.800482638888887
CARP,2004,Dec,14.957869623655913
CARP,2005,Jan,14.675218413978495
CARP,2005,Feb,14.886227678571428
CARP,2005,Mar,14.77821622361609
CARP,2005,Apr,13.131351511744128
CARP,2005,May,14.077520161290323
CARP,2005,Jun,14.507520833333333
CARP,2005,Jul,15.296962365591398
CARP,2005,Aug,16.413770161290323
CARP,2005,Sep,16.06853472222222
CARP,2005,Oct,15.582863487611032
CARP,2005,Nov,16.21977777777778
CARP,2005,Dec,14.75549059139785
CARP,2006,Jan,13.521176075268817
CARP,2006,Feb,13.816636904761905
CARP,2006,Mar,12.108104838709679
CARP,2006,Apr,12.975619867149758
CARP,2006,May,14.585949378654972
CARP,2006,Jun,15.627760416666666
CARP,2006,Jul,15.996571317103621
CARP,2006,Aug,16.983602150537635
CARP,2006,Sep,16.660642361111112
CARP,2006,Oct,17.087158572931276
CARP,2006,Nov,16.92886111111111
CARP,2006,Dec,14.911733870967742
CARP,2007,Jan,13.607243893174381
CARP,2007,Feb,14.32811755952381
CARP,2007,Mar,13.620532521037868
CARP,2007,Apr,13.515305555555555
CARP,2007,May,13.377980510752689
CARP,2007,Jun,16.017444444444443
CARP,2007,Jul,16.806799637855256
CARP,2007,Aug,15.810873655913978
CARP,2007,Sep,15.849722222222223
CARP,2007,Oct,14.262469758064515
CARP,2007,Nov,14.329904891304349
CARP,2007,Dec,12.772721774193549
CARP,2008,Jan,12.484852150537634
CARP,2008,Feb,12.787996861321213
CARP,2008,Mar,12.840798883296232
CARP,2008,Apr,12.605909722222222
CARP,2008,May,13.640652100864889
CARP,2008,Jun,15.341090277777777
CARP,2008,Jul,16.56333206300813
CARP,2008,Aug,17.965507392473118
CARP,2008,Sep,16.544260416666667
CARP,2008,Oct,16.054674059139785
CARP,2008,Nov,15.673413647342995
CARP,2008,Dec,14.19233870967742
CARP,2009,Jan,13.27106182795699
CARP,2009,Feb,13.051212797619048
CARP,2009,Mar,13.422629346459992
CARP,2009,Apr,13.123173611111111
CARP,2009,May,14.536693548387097
CARP,2009,Jun,15.660731787822305
CARP,2009,Jul,14.832270450964034
CARP,2009,Aug,15.4614811827957
CARP,2009,Sep,18.255871875
CARP,2009,Oct,17.90913508064516
CARP,2009,Nov,16.283434254227053
CARP,2009,Dec,14.369760752688173
CARP,2010,Jan,14.570944556451613
CARP,2010,Feb,14.635442001028807
CARP,2010,Mar,13.763109528401122
CARP,2010,Apr,13.412163541666667
CARP,2010,May,12.841506720430107
CARP,2010,Jun,16.331776180555554
CARP,2010,Jul,14.850458333333334
CARP,2010,Aug,14.077180107526882
CARP,2010,Sep,14.700120138888888
CARP,2010,Oct,16.863605510752688
CARP,2010,Nov,14.750405072463769
CARP,2010,Dec,13.41874852826965
CARP,2011,Jan,13.144161962365592
CARP,2011,Feb,13.783776785714286
CARP,2011,Mar,12.456668536699393
CARP,2011,Apr,13.275276388888889
CARP,2011,May,12.976231182795699
CARP,2011,Jun,14.372135002210433
CARP,2011,Jul,16.42804301075269
CARP,2011,Aug,15.872731182795699
CARP,2011,Sep,16.129994444444446
CARP,2011,Oct,15.785695564516129
CARP,2011,Nov,14.862321014492753
CARP,2011,Dec,14.111654569892472
CARP,2012,Jan,14.06789164581138
CARP,2012,Feb,13.59957183908046
CARP,2012,Mar,12.237654029336138
CARP,2012,Apr,12.80549236111111
CARP,2012,May,14.52477251344086
CARP,2012,Jun,16.203392146854203
CARP,2012,Jul,14.990431720430108
CARP,2012,Aug,16.225119623655914
CARP,2012,Sep,16.709297916666667
CARP,2012,Oct,18.283264112903225
CARP,2012,Nov,15.80117252415459
CARP,2012,Dec,15.043352822580646
CARP,2013,Jan,12.784444431643626
CARP,2013,Feb,12.931072916666666
CARP,2013,Mar,13.526134671575502
CARP,2013,Apr,13.627730555555555
CARP,2013,May,16.177469086021507
CARP,2013,Jun,16.964318055555555
CARP,2013,Jul,15.79035138507326
CARP,2013,Aug,16.333801075268816
CARP,2013,Sep,16.096544791666666
CARP,2013,Oct,17.021212701612903
CARP,2013,Nov,16.361460703502416
CARP,2013,Dec,14.849017809139784
CARP,2014,Jan,15.294950406504066
CARP,2014,Feb,14.969027157738095
CARP,2014,Mar,15.359070286933147
CARP,2014,Apr,13.27713576388889
CARP,2014,May,15.014872983870967
CARP,2014,Jun,17.03149409722222
CARP,2014,Jul,18.81603961274917
CARP,2014,Aug,17.347549059139784
CARP,2014,Sep,18.791565625
CARP,2014,Oct,20.598202284946236
CARP,2014,Nov,18.623875769927537
CARP,2014,Dec,17.5341622983871
CARP,2015,Jan,16.234403819444445
CARP,2015,Feb,16.624042038690476
CARP,2015,Mar,16.295012929523143
CARP,2015,Apr,14.611804513888888
CARP,2015,May,14.301103158602151
CARP,2015,Jun,16.197177777777778
CARP,2015,Jul,17.65919590277778
CARP,2015,Aug,19.21799059139785
CARP,2015,Sep,21.830958333333335
CARP,2015,Oct,21.196647849462366
CARP,2015,Nov,17.138657534099917
CARP,2015,Dec,16.294693884408602
CARP,2016,Jan,14.92169186827957
CARP,2016,Feb,15.252389008620689
CARP,2016,Mar,15.295596193724945
CARP,2016,Apr,14.815369791666667
CARP,2016,May,15.270479502688172
CARP,2016,Jun,16.07300972222222
CARP,2016,Jul,18.282214569444445
CARP,2016,Aug,17.308389784946236
CARP,2016,Sep,18.2028625
CARP,2016,Oct,17.094022849462366
CARP,2016,Nov,16.77814788647343
CARP,2016,Dec,14.314781586021505
CARP,2017,Jan,14.046946759259258
CARP,2017,Feb,14.349025297619047
CARP,2017,Mar,14.172763017180927
CARP,2017,Apr,13.925757291666667
CARP,2017,May,14.344158602150538
CARP,2017,Jun,16.522514583333333
CARP,2017,Jul,17.55274994734432
CARP,2017,Aug,17.83399260752688
CARP,2017,Sep,17.756526736111113
CARP,2017,Oct,18.286329973118278
CARP,2017,Nov,16.619613632246377
CARP,2017,Dec,15.378824485153256
CARP,2018,Jan,15.455878696236558
CARP,2018,Feb,14.53178199404762
CARP,2018,Mar,13.401851566152407
CARP,2018,Apr,13.361195833333333
CARP,2018,May,14.305505376344087
CARP,2018,Jun,16.994742483503618
CARP,2018,Jul,18.085050403225807
CARP,2018,Aug,19.797815860215053
CARP,2018,Sep,18.604936805555557
CARP,2018,Oct,18.608445228494624
CARP,2018,Nov,18.507024758454108
CARP,2018,Dec,15.67274932795699
CARP,2019,Jan,15.04238950189253
CARP,2019,Feb,13.949862351190477
CARP,2019,Mar,13.900486529920524
CARP,2019,Apr,13.899309722222222
CARP,2019,May,13.897487231182795
CARP,2019,Jun,15.455630902777777
CARP,2019,Jul,16.408426324530517
CARP,2019,Aug,16.98755897177419
CARP,2019,Sep,18.257267881944443
CARP,2019,Oct,17.804042338709678
CARP,2019,Nov,17.114915270229467
CARP,2019,Dec,15.183899958028084
CARP,2020,Jan,15.00694623655914
CARP,2020,Feb,15.084345905172414
CARP,2020,Mar,15.2548236471482
CARP,2020,Apr,14.873211111111111
CARP,2020,May,15.168373319892472
CARP,2020,Jun,16.25152979660423
CARP,2020,Jul,14.530591964285714
CARP,2020,Aug,16.11821351766513
CARP,2020,Sep,17.04560119047619
CARP,2020,Oct,19.00641417050691
CARP,2020,Nov,14.607183747412009
CARP,2020,Dec,14.2672294546851
CARP,2021,Jan,13.642470622119816
CARP,2021,Feb,13.181182823129252
CARP,2021,Mar,12.692019359847727
CARP,2021,Apr,13.59629623015873
CARP,2021,May,14.301081797235023
CARP,2021,Jun,14.695272222222222
CARP,2021,Jul,15.972825023084026
GOLB,2002,Aug,15.244161651234569
GOLB,2002,Sep,15.501024305555555
GOLB,2002,Oct,15.917225533738508
GOLB,2002,Nov,15.35470023148148
GOLB,2002,Dec,14.931578181003584
GOLB,2003,Jan,15.050275537634409
GOLB,2003,Feb,14.920093005952381
GOLB,2003,Mar,13.410768633779007
GOLB,2003,Apr,12.22278367003367
GOLB,2003,May,13.237326388888889
GOLB,2003,Jun,15.583969907407408
GOLB,2003,Jul,17.074051299283155
GOLB,2003,Aug,16.037738897986415
GOLB,2003,Sep,16.682788194444445
GOLB,2003,Oct,16.925394167835435
GOLB,2003,Nov,16.1464375
GOLB,2003,Dec,14.002590725806451
GOLB,2004,Jan,13.438350134408603
GOLB,2004,Feb,13.004967672413793
GOLB,2004,Mar,14.112547773492286
GOLB,2004,Apr,14.380370621980676
GOLB,2004,May,14.817748655913979
GOLB,2004,Jun,16.236791666666665
GOLB,2004,Jul,16.190456403318905
GOLB,2004,Aug,17.217127016129034
GOLB,2004,Sep,18.556083333333333
GOLB,2004,Oct,17.83012286699392
GOLB,2004,Nov,16.551440972222224
GOLB,2004,Dec,14.916031586021505
GOLB,2005,Jan,14.685084005376345
GOLB,2005,Feb,14.837708333333333
GOLB,2005,Mar,14.378630201028518
GOLB,2005,Apr,12.551698952877457
GOLB,2005,May,14.06033938172043
GOLB,2005,Jun,14.290375
GOLB,2005,Jul,15.655255376344087
GOLB,2005,Aug,17.07852822580645
GOLB,2005,Sep,16.40092361111111
GOLB,2005,Oct,15.633346043712015
GOLB,2005,Nov,16.181805555555556
GOLB,2005,Dec,15.013595430107527
GOLB,2006,Jan,13.593319892473119
GOLB,2006,Feb,13.675279017857143
GOLB,2006,Mar,11.882251344086022
GOLB,2006,Apr,12.848838164251209
GOLB,2006,May,14.252273764430015
GOLB,2006,Jun,15.606777777777777
GOLB,2006,Jul,16.399669436641698
GOLB,2006,Aug,17.323860887096775
GOLB,2006,Sep,16.82921875
GOLB,2006,Oct,16.983936272791023
GOLB,2006,Nov,16.77951736111111
GOLB,2006,Dec,14.923931451612903
GOLB,2007,Jan,13.478593974014336
GOLB,2007,Feb,13.802760416666667
GOLB,2007,Mar,13.153547802711547
GOLB,2007,Apr,13.148631944444444
GOLB,2007,May,12.824307795698925
GOLB,2007,Jun,15.638798611111111
GOLB,2007,Jul,17.435305516541824
GOLB,2007,Aug,17.007342069892474
GOLB,2007,Sep,16.522770833333333
GOLB,2007,Oct,14.449064180107527
GOLB,2007,Nov,14.786540307971014
GOLB,2007,Dec,13.240094086021506
GOLB,2008,Jan,13.089926075268817
GOLB,2008,Feb,12.877456896551724
GOLB,2008,Mar,12.141219980603132
GOLB,2008,Apr,11.757788194444444
GOLB,2008,May,12.896135752688172
GOLB,2008,Jun,14.892222222222223
GOLB,2008,Jul,16.435792414529914
GOLB,2008,Aug,18.086747311827956
GOLB,2008,Sep,17.024243055555555
GOLB,2008,Oct,15.883118279569892
GOLB,2008,Nov,15.415656551932367
GOLB,2008,Dec,13.707543682795698
GOLB,2009,Jan,13.262084583645912
GOLB,2009,Feb,12.97996598065677
GOLB,2009,Mar,13.17983137829912
GOLB,2009,Apr,12.660142361111111
GOLB,2009,May,13.788951612903226
GOLB,2009,Jun,15.594468922990428
GOLB,2009,Jul,15.39267876344086
GOLB,2009,Aug,15.81341935483871
GOLB,2009,Sep,18.16443576388889
GOLB,2009,Oct,17.583382728494623
GOLB,2009,Nov,16.105614553140096
GOLB,2009,Dec,14.34235752688172
GOLB,2010,Jan,14.619163642473119
GOLB,2010,Feb,14.537385386989554
GOLB,2010,Mar,13.343296385577373
GOLB,2010,Apr,13.013454166666666
GOLB,2010,May,12.351765456989247
GOLB,2010,Jun,16.18657650862069
GOLB,2010,Jul,15.121692876344087
GOLB,2010,Aug,14.54556317204301
GOLB,2010,Sep,14.898060069444444
GOLB,2010,Oct,16.256959005376345
GOLB,2010,Nov,14.569261503623189
GOLB,2010,Dec,13.218677686868686
GOLB,2011,Jan,13.253083333333333
GOLB,2011,Feb,13.659840029761904
GOLB,2011,Mar,12.093859396914446
GOLB,2011,Apr,12.574463194444444
GOLB,2011,May,12.589872983870968
GOLB,2011,Jun,14.324858359456636
GOLB,2011,Jul,16.59578494623656
GOLB,2011,Aug,16.295460349462367
GOLB,2011,Sep,16.09173472222222
GOLB,2011,Oct,15.720869623655913
GOLB,2011,Nov,14.895286805555557
GOLB,2011,Dec,14.174537634408603
GOLB,2012,Jan,14.121282967836256
GOLB,2012,Feb,13.557482040229885
GOLB,2012,Mar,12.149454271856008
GOLB,2012,Apr,12.62085138888889
GOLB,2012,May,14.454646505376344
GOLB,2012,Jun,16.210040972222224
GOLB,2012,Jul,15.806877045454545
GOLB,2012,Aug,16.894523521505377
GOLB,2012,Sep,17.425026388888888
GOLB,2012,Oct,18.050014112903227
GOLB,2012,Nov,15.629361231884058
GOLB,2012,Dec,15.024765456989247
GOLB,2013,Jan,12.55556418128655
GOLB,2013,Feb,12.638840773809523
GOLB,2013,Mar,12.897728494623657
GOLB,2013,Apr,12.655290277777778
GOLB,2013,May,14.542242943548388
GOLB,2013,Jun,15.57971388888889
GOLB,2013,Jul,16.132812729978355
GOLB,2013,Aug,16.82977318548387
GOLB,2013,Sep,16.455991666666666
GOLB,2013,Oct,17.066197244623655
GOLB,2013,Nov,16.361951147342996
GOLB,2013,Dec,14.700610215053764
GOLB,2014,Jan,15.4063139255733
GOLB,2014,Feb,14.801282738095239
GOLB,2014,Mar,15.056339761570827
GOLB,2014,Apr,13.022644444444445
GOLB,2014,May,14.436784946236559
GOLB,2014,Jun,16.694950000000002
GOLB,2014,Jul,19.0036095996732
GOLB,2014,Aug,17.56174126344086
GOLB,2014,Sep,18.660961805555555
GOLB,2014,Oct,20.37358064516129
GOLB,2014,Nov,18.457769746376812
GOLB,2014,Dec,17.518186155913977
GOLB,2015,Jan,16.23212876947144
GOLB,2015,Feb,16.49002157738095
GOLB,2015,Mar,16.10061470021038
GOLB,2015,Apr,14.449085763888888
GOLB,2015,May,14.125552755376344
GOLB,2015,Jun,16.317710069444445
GOLB,2015,Jul,17.671594951964316
GOLB,2015,Aug,19.228850470430107
GOLB,2015,Sep,21.596822569444445
GOLB,2015,Oct,20.795993279569892
GOLB,2015,Nov,17.20567178442029
GOLB,2015,Dec,16.41345294225146
GOLB,2016,Jan,14.862330309139784
GOLB,2016,Feb,15.054572916666666
GOLB,2016,Mar,14.831059022907901
GOLB,2016,Apr,14.224803819444444
GOLB,2016,May,14.731046370967741
GOLB,2016,Jun,16.029038541666665
GOLB,2016,Jul,17.879662037037036
GOLB,2016,Aug,17.349066532258064
GOLB,2016,Sep,18.06335347222222
GOLB,2016,Oct,16.828386424731182
GOLB,2016,Nov,16.591582035024153
GOLB,2016,Dec,14.462742607526883
GOLB,2017,Jan,13.966977986111111
GOLB,2017,Feb,14.161216889880953
GOLB,2017,Mar,13.871164592099113
GOLB,2017,Apr,12.965857291666666
GOLB,2017,May,13.925440188172043
GOLB,2017,Jun,16.246227430555557
GOLB,2017,Jul,17.29708319550963
GOLB,2017,Aug,18.188207325268817
GOLB,2017,Sep,17.837544444444443
GOLB,2017,Oct,17.97111693548387
GOLB,2017,Nov,16.696634042874397
GOLB,2017,Dec,15.333791319444444
GOLB,2018,Jan,15.246223790322581
GOLB,2018,Feb,14.281168526785715
GOLB,2018,Mar,13.162132772323515
GOLB,2018,Apr,12.874448958333334
GOLB,2018,May,13.67690188172043
GOLB,2018,Jun,16.603183333333334
GOLB,2018,Jul,18.09023448067633
GOLB,2018,Aug,19.68724563172043
GOLB,2018,Sep,18.749922569444443
GOLB,2018,Oct,18.569568212365592
GOLB,2018,Nov,18.173774682971015
GOLB,2018,Dec,15.567163306451613
GOLB,2019,Jan,14.929685482085347
GOLB,2019,Feb,13.921539806547619
GOLB,2019,Mar,13.462200473352034
GOLB,2019,Apr,13.629901041666667
GOLB,2019,May,13.453160282258064
GOLB,2019,Jun,15.531963194444444
GOLB,2019,Jul,16.86168704098916
GOLB,2019,Aug,17.541447244623654
GOLB,2019,Sep,18.356047569444446
GOLB,2019,Oct,17.56085114247312
GOLB,2019,Nov,16.968434676932368
GOLB,2019,Dec,15.220196908602151
GOLB,2020,Jan,15.117875448856699
GOLB,2020,Feb,15.039052545155993
GOLB,2020,Mar,14.970542885527282
GOLB,2020,Apr,14.754015079365079
GOLB,2020,May,14.551008832565284
GOLB,2020,Jun,16.003615476190475
GOLB,2020,Jul,15.966907482475959
GOLB,2020,Aug,16.797318548387096
GOLB,2020,Sep,17.492968055555554
GOLB,2020,Oct,18.93426814516129
GOLB,2020,Nov,14.799193538647343
GOLB,2020,Dec,14.276846102150538
GOLB,2021,Jan,13.785264112903226
GOLB,2021,Feb,12.939488839285714
GOLB,2021,Mar,12.2573382713885
GOLB,2021,Apr,13.216226388888888
GOLB,2021,May,14.607479838709677
GOLB,2021,Jun,15.91515763888889
GOLB,2021,Jul,17.69375243902439
IVEE,2002,Aug,13.807534722222222
IVEE,2002,Sep,14.279644675925926
IVEE,2002,Oct,15.122813620071685
IVEE,2002,Nov,14.966836805555555
IVEE,2002,Dec,14.797694892473118
IVEE,2003,Jan,14.919287634408601
IVEE,2003,Feb,14.895837053571428
IVEE,2003,Mar,14.28651020055325
IVEE,2003,Apr,11.802939311594203
IVEE,2003,May,12.134168906810036
IVEE,2003,Jun,14.274372685185185
IVEE,2003,Jul,15.439051299283154
IVEE,2003,Aug,13.916744467693675
IVEE,2003,Sep,15.16346875
IVEE,2003,Oct,16.143038803179056
IVEE,2003,Nov,15.86621875
IVEE,2003,Dec,14.01810819892473
IVEE,2004,Jan,13.435534274193548
IVEE,2004,Feb,12.87450790229885
IVEE,2004,Mar,13.630564516129033
IVEE,2004,Apr,13.508992300724637
IVEE,2004,May,13.25567876344086
IVEE,2004,Jun,14.81848263888889
IVEE,2004,Jul,14.70023060966811
IVEE,2004,Aug,15.805003360215053
IVEE,2004,Sep,17.567131944444444
IVEE,2004,Oct,17.4064707515194
IVEE,2004,Nov,16.39426041666667
IVEE,2004,Dec,14.908353494623656
IVEE,2005,Jan,14.642967069892473
IVEE,2005,Feb,14.74907738095238
IVEE,2005,Mar,13.94666695885928
IVEE,2005,Apr,11.914433641945262
IVEE,2005,May,12.627540322580645
IVEE,2005,Jun,13.108180555555554
IVEE,2005,Jul,14.121985887096773
IVEE,2005,Aug,15.731935483870968
IVEE,2005,Sep,15.019427083333333
IVEE,2005,Oct,14.753193373071529
IVEE,2005,Nov,15.703614583333334
IVEE,2005,Dec,14.778480805243445
IVEE,2006,Jan,13.377513440860215
IVEE,2006,Feb,13.339717261904763
IVEE,2006,Mar,11.521216397849463
IVEE,2006,Apr,12.191113850969252
IVEE,2006,May,13.217859543010753
IVEE,2006,Jun,14.018423611111112
IVEE,2006,Jul,14.771488575268817
IVEE,2006,Aug,16.012923387096773
IVEE,2006,Sep,15.900194444444445
IVEE,2006,Oct,16.315325064282376
IVEE,2006,Nov,16.395656250000002
IVEE,2006,Dec,14.896139112903226
IVEE,2007,Jan,13.449677419354838
IVEE,2007,Feb,13.568682422341697
IVEE,2007,Mar,12.598903693314632
IVEE,2007,Apr,12.499041666666667
IVEE,2007,May,11.931213037634409
IVEE,2007,Jun,14.351850694444444
IVEE,2007,Jul,15.886128784332085
IVEE,2007,Aug,15.5466061827957
IVEE,2007,Sep,15.424999999999999
IVEE,2007,Oct,13.77053259408602
IVEE,2007,Nov,14.439159873188405
IVEE,2007,Dec,13.172990591397848
IVEE,2008,Jan,13.090900537634408
IVEE,2008,Feb,12.595223214285715
IVEE,2008,Mar,11.941364685600748
IVEE,2008,Apr,11.404538194444445
IVEE,2008,May,12.374536290322581
IVEE,2008,Jun,13.8940625
IVEE,2008,Jul,15.338017681655748
IVEE,2008,Aug,17.2780813172043
IVEE,2008,Sep,16.181135416666667
IVEE,2008,Oct,15.576055107526882
IVEE,2008,Nov,15.357381189613527
IVEE,2008,Dec,14.05074932795699
IVEE,2009,Jan,13.2639637345679
IVEE,2009,Feb,12.712459077380952
IVEE,2009,Mar,12.646706072825024
IVEE,2009,Apr,12.030461805555555
IVEE,2009,May,12.984993279569892
IVEE,2009,Jun,14.325760700705743
IVEE,2009,Jul,14.293251344086022
IVEE,2009,Aug,14.571356518817204
IVEE,2009,Sep,16.947859722222223
IVEE,2009,Oct,17.097313508064516
IVEE,2009,Nov,15.780857472826087
IVEE,2009,Dec,14.322952620967742
IVEE,2010,Jan,14.618100470430107
IVEE,2010,Feb,14.360894643437296
IVEE,2010,Mar,12.574077460261805
IVEE,2010,Apr,12.487280208333333
IVEE,2010,May,11.551148857526881
IVEE,2010,Jun,14.635182686434561
IVEE,2010,Jul,14.037334677419356
IVEE,2010,Aug,13.08378998655914
IVEE,2010,Sep,13.525651041666666
IVEE,2010,Oct,15.612661962365591
IVEE,2010,Nov,14.253582744565218
IVEE,2010,Dec,13.066832001262627
IVEE,2011,Jan,13.01065053763441
IVEE,2011,Feb,13.376949776785715
IVEE,2011,Mar,11.618505084151472
IVEE,2011,Apr,11.805162847222222
IVEE,2011,May,11.735282258064515
IVEE,2011,Jun,13.29606035813112
IVEE,2011,Jul,14.96174059139785
IVEE,2011,Aug,15.00784442204301
IVEE,2011,Sep,15.05671875
IVEE,2011,Oct,14.890759744623656
IVEE,2011,Nov,14.566433227657004
IVEE,2011,Dec,14.114553427419354
IVEE,2012,Jan,13.878531655976628
IVEE,2012,Feb,13.151380747126437
IVEE,2012,Mar,11.650137578892005
IVEE,2012,Apr,11.77172951388889
IVEE,2012,May,13.229311155913978
IVEE,2012,Jun,14.741794249092559
IVEE,2012,Jul,14.569911290322581
IVEE,2012,Aug,15.574048387096774
IVEE,2012,Sep,16.334700694444443
IVEE,2012,Oct,17.339299731182795
IVEE,2012,Nov,15.36036699879227
IVEE,2012,Dec,14.94934811827957
IVEE,2013,Jan,12.546910730994153
IVEE,2013,Feb,12.87182142857143
IVEE,2013,Mar,13.369472855306219
IVEE,2013,Apr,13.329278472222223
IVEE,2013,May,15.73717943548387
IVEE,2013,Jun,16.786147222222223
IVEE,2013,Jul,15.028486967592592
IVEE,2013,Aug,15.429532930107527
IVEE,2013,Sep,15.330727083333334
IVEE,2013,Oct,16.566584677419353
IVEE,2013,Nov,16.144792572463768
IVEE,2013,Dec,14.616671034946236
IVEE,2014,Jan,15.186599003623188
IVEE,2014,Apr,12.692847916666667
IVEE,2014,May,13.570790994623657
IVEE,2014,Jun,15.638878472222222
IVEE,2014,Jul,17.74220450805322
IVEE,2014,Aug,16.438698252688173
IVEE,2014,Sep,17.58512465277778
IVEE,2014,Oct,19.707211693548388
IVEE,2014,Nov,18.24125780495169
IVEE,2014,Dec,17.52745060483871
IVEE,2015,Jan,16.16872375821018
IVEE,2015,Feb,16.122385044642858
IVEE,2015,Mar,15.521321061243572
IVEE,2015,Apr,13.539361805555556
IVEE,2015,May,13.284762432795699
IVEE,2015,Jun,15.183727083333332
IVEE,2015,Jul,16.305275202886193
IVEE,2015,Aug,18.102090725806452
IVEE,2015,Sep,20.634271527777777
IVEE,2015,Oct,20.074756048387098
IVEE,2015,Nov,17.11777427859731
IVEE,2015,Dec,16.378089903202554
IVEE,2016,Jan,14.830453629032258
IVEE,2016,Feb,14.810564295977011
IVEE,2016,Mar,14.449758318444161
IVEE,2016,Apr,13.585685069444445
IVEE,2016,May,13.83471740591398
IVEE,2016,Jun,14.542984027777777
IVEE,2016,Jul,16.313787507148167
IVEE,2016,Aug,16.217169018817206
IVEE,2016,Sep,16.911576736111112
IVEE,2016,Oct,15.965364919354839
IVEE,2016,Nov,16.150945742753624
IVEE,2016,Dec,14.26808870967742
IVEE,2017,Jan,13.86498507928475
IVEE,2017,Feb,13.970276041666667
IVEE,2017,Mar,13.309655139668068
IVEE,2017,Apr,12.324871527777777
IVEE,2017,May,13.042267137096774
IVEE,2017,Jun,14.898608680555556
IVEE,2017,Jul,15.850509337962963
IVEE,2017,Aug,16.822365255376344
IVEE,2017,Sep,16.617572569444444
IVEE,2017,Oct,17.35236323924731
IVEE,2017,Nov,16.055761262077294
IVEE,2017,Dec,15.321413978494624
IVEE,2018,Jan,15.146456900676938
IVEE,2018,Feb,13.930707217261904
IVEE,2018,Mar,12.663781600631136
IVEE,2018,Apr,12.060398958333334
IVEE,2018,May,12.608333669354838
IVEE,2018,Jun,15.110362333042973
IVEE,2018,Jul,16.462689516129032
IVEE,2018,Aug,18.438511760752686
IVEE,2018,Sep,17.60162777777778
IVEE,2018,Oct,17.84170799731183
IVEE,2018,Nov,17.838243508454106
IVEE,2018,Dec,15.512935147849463
IVEE,2019,Jan,14.93711690817985
IVEE,2019,Feb,13.9243515625
IVEE,2019,Mar,13.071070681393174
IVEE,2019,Apr,12.971414930555556
IVEE,2019,May,12.735908266129032
IVEE,2019,Jun,14.571227762539186
IVEE,2019,Jul,15.384911626344085
IVEE,2019,Aug,15.94104065860215
IVEE,2019,Sep,17.27044513888889
IVEE,2019,Oct,16.8025500672043
IVEE,2019,Nov,16.62265092089372
IVEE,2019,Dec,15.134158938172042
IVEE,2020,Jan,15.065407136476265
IVEE,2020,Feb,14.835091133004926
IVEE,2020,Mar,14.644665965404394
IVEE,2020,Apr,14.052234523809524
IVEE,2020,May,13.621781105990783
IVEE,2020,Jun,14.913838492063492
IVEE,2020,Jul,15.392788248069497
IVEE,2020,Aug,16.161875
IVEE,2020,Sep,17.217797222222224
IVEE,2020,Oct,18.396807795698926
IVEE,2020,Nov,14.349817089371982
IVEE,2020,Dec,14.106530241935484
IVEE,2021,Jan,13.639891129032257
IVEE,2021,Feb,12.62634375
IVEE,2021,Mar,11.842116614071996
IVEE,2021,Apr,12.500311111111111
IVEE,2021,May,13.872076612903227
IVEE,2021,Jun,15.20430625
IVEE,2021,Jul,16.796481992894055
MOHK,2002,Aug,15.469579545454545
MOHK,2002,Sep,15.191715277777778
MOHK,2002,Oct,15.792559899485742
MOHK,2002,Nov,15.416373842592593
MOHK,2002,Dec,15.047315188172043
MOHK,2003,Jan,15.121497535842295
MOHK,2003,Feb,15.01329117063492
MOHK,2003,Mar,13.435649641577061
MOHK,2003,Apr,12.58310870504841
MOHK,2003,May,13.124895833333333
MOHK,2003,Jun,15.553246527777778
MOHK,2003,Jul,16.92368951612903
MOHK,2003,Aug,14.924202106582564
MOHK,2003,Sep,16.200274305555556
MOHK,2003,Oct,16.91620383356709
MOHK,2003,Nov,16.08446875
MOHK,2003,Dec,14.027325268817204
MOHK,2004,Jan,13.381374327956989
MOHK,2004,Feb,13.026346982758621
MOHK,2004,Mar,14.025408777466106
MOHK,2004,Apr,14.319161835748792
MOHK,2004,May,14.563336693548388
MOHK,2004,Jun,15.931979166666666
MOHK,2004,Jul,15.408158531746032
MOHK,2004,Aug,16.75670362903226
MOHK,2004,Sep,18.46299652777778
MOHK,2004,Oct,17.727314311594203
MOHK,2004,Nov,16.587621527777777
MOHK,2004,Dec,14.983551747311829
MOHK,2005,Jan,14.663353494623655
MOHK,2005,Feb,14.883727678571429
MOHK,2005,Mar,14.512055428938757
MOHK,2005,Apr,12.79355687334904
MOHK,2005,May,13.64515510410142
MOHK,2005,Jun,14.007534722222223
MOHK,2005,Jul,15.16337365591398
MOHK,2005,Aug,16.820511057692308
MOHK,2005,Sep,15.889024305555555
MOHK,2005,Oct,15.383188405797101
MOHK,2005,Nov,16.111284722222223
MOHK,2005,Dec,14.93029569892473
MOHK,2006,Jan,13.595809811827957
MOHK,2006,Feb,13.747715773809524
MOHK,2006,Mar,11.907830118312758
MOHK,2006,Apr,12.787508907004831
MOHK,2006,May,14.2565188172043
MOHK,2006,Jun,15.261142361111112
MOHK,2006,Jul,15.928467228464418
MOHK,2006,Aug,17.025157930107525
MOHK,2006,Sep,16.53076736111111
MOHK,2006,Oct,16.95408719027583
MOHK,2006,Nov,16.902565972222224
MOHK,2006,Dec,15.09850134408602
MOHK,2007,Jan,13.416129480286738
MOHK,2007,Feb,13.746529017857144
MOHK,2007,Mar,12.992186331229547
MOHK,2007,Apr,12.95973263888889
MOHK,2007,May,12.631441532258064
MOHK,2007,Jun,15.306649305555556
MOHK,2007,Jul,16.959188631398252
MOHK,2007,Aug,16.162836021505377
MOHK,2007,Sep,16.02815972222222
MOHK,2007,Oct,14.21590557795699
MOHK,2007,Nov,14.454690972222222
MOHK,2007,Dec,13.1381686827957
MOHK,2008,Jan,12.980303992971283
MOHK,2008,Feb,12.999633620689655
MOHK,2008,Mar,12.667629246873199
MOHK,2008,Apr,12.451645833333334
MOHK,2008,May,13.446414650537635
MOHK,2008,Jun,14.97409375
MOHK,2008,Jul,16.588541666666668
MOHK,2008,Aug,18.310335108604846
MOHK,2008,Sep,17.134708333333332
MOHK,2008,Oct,16.10845934139785
MOHK,2008,Nov,15.868509510869565
MOHK,2008,Dec,13.74865163027332
MOHK,2009,Jan,13.023413978494624
MOHK,2009,Feb,12.547473958333333
MOHK,2009,Mar,12.71355083088954
MOHK,2009,Apr,12.343493055555555
MOHK,2009,May,13.524122983870967
MOHK,2009,Jun,15.067086805555556
MOHK,2009,Jul,14.661238739134786
MOHK,2009,Aug,15.497511760752689
MOHK,2009,Sep,17.905125694444443
MOHK,2009,Oct,17.825330981182795
MOHK,2009,Nov,16.127984073067633
MOHK,2009,Dec,14.464230846774194
MOHK,2010,Jan,14.677243279569893
MOHK,2010,Feb,14.547970142321423
MOHK,2010,Mar,13.337229283543712
MOHK,2010,Apr,12.938207291666666
MOHK,2010,May,12.284416330645161
MOHK,2010,Jun,15.863896527777777
MOHK,2010,Jul,14.436582066993465
MOHK,2010,Aug,13.87487567204301
MOHK,2010,Sep,14.428084375000001
MOHK,2010,Oct,16.33000436827957
MOHK,2010,Nov,14.649116666666668
MOHK,2010,Dec,13.305327728174603
MOHK,2011,Jan,13.208530241935485
MOHK,2011,Feb,13.655598214285714
MOHK,2011,Mar,12.14504607877513
MOHK,2011,Apr,12.59941388888889
MOHK,2011,May,12.560633064516129
MOHK,2011,Jun,14.223073611111111
MOHK,2011,Jul,16.585537286324787
MOHK,2011,Aug,15.952087365591398
MOHK,2011,Sep,15.84745486111111
MOHK,2011,Oct,15.61963373655914
MOHK,2011,Nov,14.877237711352656
MOHK,2011,Dec,14.220965053763441
MOHK,2012,Jan,14.0502048992674
MOHK,2012,Feb,13.39689224137931
MOHK,2012,Mar,12.006238341514727
MOHK,2012,Apr,12.4014625
MOHK,2012,May,14.06388306451613
MOHK,2012,Jun,15.940186805555555
MOHK,2012,Jul,15.17855798611111
MOHK,2012,Aug,16.390195228494623
MOHK,2012,Sep,17.054881944444443
MOHK,2012,Oct,17.863896169354838
MOHK,2012,Nov,15.52107785326087
MOHK,2012,Dec,14.876002016129032
MOHK,2013,Jan,12.610042674731183
MOHK,2013,Feb,12.814375357821191
MOHK,2013,Mar,13.324530534128098
MOHK,2013,Apr,13.253691666666667
MOHK,2013,May,15.750426075268818
MOHK,2013,Jun,16.543922569444444
MOHK,2013,Jul,16.210118157679737
MOHK,2013,Aug,16.49068245967742
MOHK,2013,Sep,16.22388402777778
MOHK,2013,Oct,17.003086693548386
MOHK,2013,Nov,16.35910809178744
MOHK,2013,Dec,14.816595766129032
MOHK,2014,Jan,15.339402889784946
MOHK,2014,Feb,14.782474740090969
MOHK,2014,Mar,15.113851127863487
MOHK,2014,Apr,12.986597222222223
MOHK,2014,May,14.499110887096775
MOHK,2014,Jun,16.87326875
MOHK,2014,Jul,18.870112231182794
MOHK,2014,Aug,17.342711021505377
MOHK,2014,Sep,18.581548263888887
MOHK,2014,Oct,20.362107190860215
MOHK,2014,Nov,18.497327974033816
MOHK,2014,Dec,17.667288642473117
MOHK,2015,Jan,16.28168043258776
MOHK,2015,Feb,16.36345089285714
MOHK,2015,Mar,16.007406439925198
MOHK,2015,Apr,14.325483680555555
MOHK,2015,May,14.089043010752688
MOHK,2015,Jun,16.061285069444445
MOHK,2015,Jul,17.40452478448276
MOHK,2015,Aug,18.949627016129032
MOHK,2015,Sep,21.416958680555556
MOHK,2015,Oct,20.989435819892474
MOHK,2015,Nov,17.26377021437198
MOHK,2015,Dec,16.999852706686088
MOHK,2016,Jan,14.966157930107526
MOHK,2016,Feb,15.050623563218391
MOHK,2016,Mar,15.121438603066888
MOHK,2016,Jul,17.884567476851853
MOHK,2016,Aug,17.224540994623656
MOHK,2016,Sep,17.936276041666666
MOHK,2016,Oct,16.707142809139786
MOHK,2016,Nov,16.582119882246378
MOHK,2016,Dec,14.43824059139785
MOHK,2017,Jan,14.045849363711001
MOHK,2017,Feb,14.232908482142857
MOHK,2017,Mar,13.914956901589528
MOHK,2017,Apr,13.168618055555555
MOHK,2017,May,13.860594758064517
MOHK,2017,Jun,15.834692361111111
MOHK,2017,Jul,16.35636773989899
MOHK,2017,Dec,15.562968202747584
MOHK,2018,Jan,15.394388440860215
MOHK,2018,Feb,14.392206845238094
MOHK,2018,Mar,13.230976770687237
MOHK,2018,Apr,13.018565625
MOHK,2018,May,13.875318884408602
MOHK,2018,Jun,16.486382291666665
MOHK,2018,Jul,17.869975782867495
MOHK,2018,Aug,19.624693548387096
MOHK,2018,Sep,18.538944444444443
MOHK,2018,Oct,18.517538306451613
MOHK,2018,Nov,18.293466606280194
MOHK,2018,Dec,15.819457975589225
MOHK,2019,Jan,15.095993615591398
MOHK,2019,Feb,14.046423363095238
MOHK,2019,Mar,13.54662454710145
MOHK,2019,Apr,13.716146527777777
MOHK,2019,May,13.391641465053763
MOHK,2019,Jun,15.434412876921929
MOHK,2019,Jul,16.337648521505375
MOHK,2019,Aug,16.939534274193548
MOHK,2019,Sep,18.002825694444446
MOHK,2019,Oct,17.603739583333333
MOHK,2019,Nov,16.944115775966182
MOHK,2019,Dec,15.248302430555556
MOHK,2020,Jan,15.256632392473119
MOHK,2020,Feb,15.102493414750958
MOHK,2020,Mar,15.04088678997195
MOHK,2020,Apr,14.718641087962963
MOHK,2020,May,14.724776433691757
MOHK,2020,Jun,16.053019560185184
MOHK,2020,Jul,15.600475524948934
MOHK,2020,Aug,16.472169690860216
MOHK,2020,Sep,17.141597222222224
MOHK,2020,Oct,18.75051075268817
MOHK,2020,Nov,14.843619535024155
MOHK,2020,Dec,14.263747647849462
MOHK,2021,Jan,13.783975806451613
MOHK,2021,Feb,13.045160714285714
MOHK,2021,Mar,12.329347402407667
MOHK,2021,Apr,13.252521875
MOHK,2021,May,14.73853561827957
MOHK,2021,Jun,15.922023611111111
MOHK,2021,Jul,17.302467316573267
"NAPL",2002,Aug,14.894012152777778
"NAPL",2002,Sep,14.784420138888889
"NAPL",2002,Oct,15.647467128330996
"NAPL",2002,Nov,15.114505787037038
"NAPL",2002,Dec,14.9358938172043
"NAPL",2003,Jan,14.90112567204301
"NAPL",2003,Feb,14.856938244047619
"NAPL",2003,Mar,13.038897855194406
"NAPL",2003,Apr,11.794200547138047
"NAPL",2003,May,12.792502240143369
"NAPL",2003,Jun,15.167443287037038
"NAPL",2003,Jul,16.520996863799283
"NAPL",2003,Aug,15.366350772480995
"NAPL",2003,Sep,16.123591666666666
"NAPL",2003,Oct,16.61565
"NAPL",2003,Nov,15.918216666666666
"NAPL",2003,Dec,14.092760752688172
"NAPL",2004,Jan,13.421443548387098
"NAPL",2004,Feb,12.824281609195403
"NAPL",2004,Mar,13.67333263207106
"NAPL",2004,Apr,13.72508611111111
"NAPL",2004,May,13.92335752688172
"NAPL",2004,Jun,15.42739351851852
"NAPL",2004,Jul,15.798484722222222
"NAPL",2004,Aug,16.519674059139785
"NAPL",2004,Sep,18.026364583333333
"NAPL",2004,Oct,17.412742227676485
"NAPL",2004,Nov,16.260006944444445
"NAPL",2004,Dec,14.878182123655915
"NAPL",2005,Jan,14.59451612903226
"NAPL",2005,Feb,14.647987351190476
"NAPL",2005,Mar,14.200732571792807
"NAPL",2005,Apr,12.273026419082125
"NAPL",2005,May,13.406925403225806
"NAPL",2005,Jun,13.911100694444444
"NAPL",2005,Jul,15.253608870967742
"NAPL",2005,Aug,16.798991935483873
"NAPL",2005,Sep,15.724309027777778
"NAPL",2005,Oct,15.0394711313698
"NAPL",2005,Nov,15.782427083333333
"NAPL",2005,Dec,14.778403897849463
"NAPL",2006,Jan,13.310020161290323
"NAPL",2006,Feb,13.194802827380952
"NAPL",2006,Mar,11.499002016129031
"NAPL",2006,Apr,12.21103668478261
"NAPL",2006,May,13.542120295698926
"NAPL",2006,Jun,14.471309570458278
"NAPL",2006,Jul,15.793395989388264
"NAPL",2006,Aug,16.653568548387096
"NAPL",2006,Sep,16.353541666666665
"NAPL",2006,Oct,16.702669033426837
"NAPL",2006,Nov,16.593260416666666
"NAPL",2006,Dec,14.987375672043012
"NAPL",2007,Jan,13.587125224014336
"NAPL",2007,Feb,13.538627232142858
"NAPL",2007,Mar,12.620614042776998
"NAPL",2007,Apr,12.566732638888888
"NAPL",2007,May,12.273958333333333
"NAPL",2007,Jun,14.86795486111111
"NAPL",2007,Jul,16.742236384207242
"NAPL",2007,Aug,16.65727822580645
"NAPL",2007,Sep,16.12693402777778
"NAPL",2007,Oct,14.213879368279569
"NAPL",2007,Nov,14.642635265700482
"NAPL",2007,Dec,13.399200268817204
"NAPL",2008,Jan,13.238276965130023
"NAPL",2008,Feb,12.79539870689655
"NAPL",2008,Mar,12.262762973352034
"NAPL",2008,Apr,11.571041666666666
"NAPL",2008,May,12.734559811827957
"NAPL",2008,Jun,14.429791666666667
"NAPL",2008,Jul,16.207292232995048
"NAPL",2008,Aug,17.3625625
"NAPL",2008,Sep,16.340746527777778
"NAPL",2008,Oct,15.11033938172043
"NAPL",2008,Nov,14.683152626811594
"NAPL",2008,Dec,13.947256396334906
"NAPL",2009,Jan,13.232385752688172
"NAPL",2009,Feb,12.782630208333334
"NAPL",2009,Mar,12.76096438172043
"NAPL",2009,Apr,12.023635416666666
"NAPL",2009,May,13.139885752688173
"NAPL",2009,Jun,14.89214236111111
"NAPL",2009,Jul,14.82176451001955
"NAPL",2009,Aug,15.297923387096773
"NAPL",2009,Sep,17.674454861111112
"NAPL",2009,Oct,17.25838373655914
"NAPL",2009,Nov,15.947513435990338
"NAPL",2009,Dec,14.56619623655914
"NAPL",2010,Jan,14.782259311868687
"NAPL",2010,Feb,14.32147619047619
"NAPL",2010,Mar,12.60684375
"NAPL",2010,Apr,12.474115625
"NAPL",2010,May,11.549192204301075
"NAPL",2010,Jun,14.958618055555556
"NAPL",2010,Jul,14.710003726073763
"NAPL",2010,Aug,13.800985215053764
"NAPL",2010,Sep,14.134380902777778
"NAPL",2010,Oct,15.75623555107527
"NAPL",2010,Nov,14.31714916968599
"NAPL",2010,Dec,13.118194331501831
"NAPL",2011,Jan,13.182461021505377
"NAPL",2011,Feb,13.508023065476191
"NAPL",2011,Mar,11.759759218676951
"NAPL",2011,Apr,12.11878298611111
"NAPL",2011,May,11.99327184139785
"NAPL",2011,Jun,13.632508898328613
"NAPL",2011,Jul,15.957376344086022
"NAPL",2011,Aug,15.428885752688172
"NAPL",2011,Sep,15.380476041666666
"NAPL",2011,Oct,15.294554099462365
"NAPL",2011,Nov,14.774150996376813
"NAPL",2011,Dec,14.292237567204301
"NAPL",2012,Jan,13.944329861111111
"NAPL",2012,Feb,13.078008979885057
"NAPL",2012,Mar,11.559290249532491
"NAPL",2012,Apr,11.882715972222222
"NAPL",2012,May,13.432104838709678
"NAPL",2012,Jun,15.123544098190793
"NAPL",2012,Jul,15.004308467741936
"NAPL",2012,Aug,16.430233198924732
"NAPL",2012,Sep,16.996052083333332
"NAPL",2012,Oct,17.53936760752688
"NAPL",2012,Nov,15.413771708937198
"NAPL",2012,Dec,14.908764784946236
"NAPL",2013,Jan,12.480686682705432
"NAPL",2013,Feb,12.550121279761905
"NAPL",2013,Mar,12.880841982234688
"NAPL",2013,Apr,12.780172222222221
"NAPL",2013,May,14.872773521505376
"NAPL",2013,Jun,15.911447222222222
"NAPL",2013,Jul,15.80464744047619
"NAPL",2013,Aug,16.080565860215053
"NAPL",2013,Sep,15.862345833333334
"NAPL",2013,Oct,16.64114314516129
"NAPL",2013,Nov,16.134464764492755
"NAPL",2013,Dec,14.61805376344086
"NAPL",2014,Jan,15.200324824561404
"NAPL",2014,Feb,14.445245535714285
"NAPL",2014,Mar,14.643071967040674
"NAPL",2014,Apr,12.370139583333334
"NAPL",2014,May,13.740819556451612
"NAPL",2014,Jun,16.301026736111112
"NAPL",2014,Jul,18.53170068438003
"NAPL",2014,Aug,17.282426411290324
"NAPL",2014,Sep,18.199997916666668
"NAPL",2014,Oct,19.73121370967742
"NAPL",2014,Nov,18.35682942330918
"NAPL",2014,Dec,17.682564180107526
"NAPL",2015,Jan,16.206506384408602
"NAPL",2015,Feb,16.188518601190477
"NAPL",2015,Mar,15.865551240004997
"NAPL",2015,Apr,13.817701041666666
"NAPL",2015,May,13.888706653225807
"NAPL",2015,Jun,15.820318055555555
"NAPL",2015,Jul,17.23437852124183
"NAPL",2015,Aug,18.734139112903225
"NAPL",2015,Sep,21.108852430555554
"NAPL",2015,Oct,20.258987231182797
"NAPL",2015,Nov,17.104088632246377
"NAPL",2015,Dec,16.48813940329218
"NAPL",2016,Jan,14.83038944892473
"NAPL",2016,Feb,14.866595186781609
"NAPL",2016,Mar,14.382110042779535
"NAPL",2016,Apr,13.752461805555555
"NAPL",2016,May,14.309948588709677
"NAPL",2016,Jun,15.028371527777779
"NAPL",2016,Jul,17.237233553391054
"NAPL",2016,Aug,17.351760752688172
"NAPL",2016,Sep,17.521315972222222
"NAPL",2016,Oct,16.437102150537633
"NAPL",2016,Nov,16.352991878019324
"NAPL",2016,Dec,14.39090120967742
"NAPL",2017,Jan,13.858632619509043
"NAPL",2017,Feb,13.815997395833334
"NAPL",2017,Mar,13.34041017999065
"NAPL",2017,Apr,12.321559722222222
"NAPL",2017,May,13.110950268817204
"NAPL",2017,Jun,15.31072673611111
"NAPL",2017,Jul,16.48031921542553
"NAPL",2017,Aug,17.683245967741936
"NAPL",2017,Sep,17.230584027777777
"NAPL",2017,Oct,17.502515120967743
"NAPL",2017,Nov,16.33938789251208
"NAPL",2017,Dec,15.40756275865947
"NAPL",2018,Jan,15.195347446236559
"NAPL",2018,Feb,14.146745163690476
"NAPL",2018,Mar,13.00605201028518
"NAPL",2018,Apr,12.528625
"NAPL",2018,May,13.234873319892474
"NAPL",2018,Jun,15.979308623847416
"NAPL",2018,Jul,17.674883400537635
"NAPL",2018,Aug,19.49800504032258
"NAPL",2018,Sep,18.220785416666665
"NAPL",2018,Oct,18.30371303763441
"NAPL",2018,Nov,17.919248852657006
"NAPL",2018,Dec,15.588000336021505
"NAPL",2019,Jan,15.047931539502164
"NAPL",2019,Feb,13.97410193452381
"NAPL",2019,Mar,13.193338271388498
"NAPL",2019,Apr,13.092214930555556
"NAPL",2019,May,12.979594758064517
"NAPL",2019,Jun,15.211533992421844
"NAPL",2019,Jul,16.355841733870967
"NAPL",2019,Aug,16.85775940860215
"NAPL",2019,Sep,17.925054513888888
"NAPL",2019,Oct,17.07692069892473
"NAPL",2019,Nov,16.80225166062802
"NAPL",2019,Dec,15.256088441022545
"NAPL",2020,Jan,15.17117215501792
"NAPL",2020,Feb,14.944523826628354
"NAPL",2020,Mar,14.805441254675083
"NAPL",2020,Apr,14.376467939814814
"NAPL",2020,May,13.818839493727598
"NAPL",2020,Jun,15.390281597222222
"NAPL",2020,Jul,15.089994263659321
"NAPL",2020,Aug,15.408235215053764
"NAPL",2020,Sep,16.557389583333332
"NAPL",2020,Oct,18.001617271505378
"NAPL",2020,Nov,14.377015504227053
"NAPL",2020,Dec,14.09544758064516
"NAPL",2021,Jan,13.628507056451612
"NAPL",2021,Feb,12.641675967261905
"NAPL",2021,Mar,11.836983286582516
"NAPL",2021,Apr,12.38896875
"NAPL",2021,May,13.709209677419356
"NAPL",2021,Jun,14.901478819444444
"NAPL",2021,Jul,16.37764587107488
SCDI,2004,Aug,19.147
SCDI,2004,Sep,19.27864236111111
SCDI,2004,Oct,16.952845371669003
SCDI,2004,Nov,15.818999999999999
SCDI,2004,Dec,14.595688844086022
SCDI,2005,Jan,14.227704973118279
SCDI,2005,Feb,14.184561011904762
SCDI,2005,Mar,14.533979809490416
SCDI,2005,Apr,12.496763435990339
SCDI,2005,May,13.198504704301076
SCDI,2005,Jun,13.938145833333333
SCDI,2005,Jul,15.903122546897546
SCDI,2005,Aug,18.450756048387095
SCDI,2005,Sep,16.532930555555556
SCDI,2005,Oct,15.038798796166434
SCDI,2005,Nov,15.197576388888889
SCDI,2005,Dec,14.371155913978495
SCDI,2006,Jan,13.05766129032258
SCDI,2006,Feb,13.105956101190475
SCDI,2006,Mar,12.045067204301075
SCDI,2006,Apr,12.97451690821256
SCDI,2006,May,13.755601478494624
SCDI,2006,Jun,14.845566082624272
SCDI,2006,Jul,17.175451388888888
SCDI,2006,Aug,18.896444892473117
SCDI,2006,Sep,16.977763888888887
SCDI,2006,Oct,16.708673007246375
SCDI,2006,Nov,16.27985590277778
SCDI,2006,Dec,14.742153897849462
SCDI,2007,Jan,13.452325268817203
SCDI,2007,Feb,13.957183779761904
SCDI,2007,Mar,13.107769733626588
SCDI,2007,Apr,12.458121527777777
SCDI,2007,May,12.45586875
SCDI,2007,Jun,13.994913194444445
SCDI,2007,Jul,16.614005032771537
SCDI,2007,Aug,17.43449932795699
SCDI,2007,Sep,15.826048611111112
SCDI,2007,Oct,14.77615759408602
SCDI,2007,Nov,14.149231733091787
SCDI,2007,Dec,13.240171370967742
SCDI,2008,Jan,12.549677419354838
SCDI,2008,Feb,12.628225574712644
SCDI,2008,Mar,12.249057532725573
SCDI,2008,Apr,11.564402777777778
SCDI,2008,May,12.570230043859649
SCDI,2008,Jun,14.151847222222223
SCDI,2008,Jul,16.911045875420875
SCDI,2008,Aug,18.585997983870968
SCDI,2008,Sep,18.166430555555557
SCDI,2008,Oct,16.746720430107526
SCDI,2008,Nov,16.109037439613527
SCDI,2008,Dec,14.29482190860215
SCDI,2009,Jan,12.947022849462366
SCDI,2009,Feb,13.042793898809524
SCDI,2009,Mar,12.811101539589442
SCDI,2009,Apr,12.617145833333334
SCDI,2009,May,12.900813888888889
SCDI,2009,Jun,15.838854166666668
SCDI,2009,Jul,16.16334005376344
SCDI,2009,Aug,16.332987231182795
SCDI,2009,Sep,18.852743055555557
SCDI,2009,Oct,16.866898521505377
SCDI,2009,Nov,15.914512832125604
SCDI,2009,Dec,14.164543010752688
SCDI,2010,Jan,14.261935483870968
SCDI,2010,Feb,14.056763392857142
SCDI,2010,Mar,13.317394354779681
SCDI,2010,Apr,13.223930902777777
SCDI,2010,May,12.002139784946237
SCDI,2010,Jun,13.799234722222222
SCDI,2010,Jul,15.301249489450251
SCDI,2010,Aug,14.787934811827958
SCDI,2010,Sep,14.436859722222222
SCDI,2010,Oct,16.175877352150536
SCDI,2010,Nov,15.295446829710144
SCDI,2010,Dec,12.73086693548387
SCDI,2011,Jan,12.609123560312678
SCDI,2011,Feb,13.093715401785714
SCDI,2011,Mar,11.985592011453951
SCDI,2011,Apr,12.762899305555555
SCDI,2011,May,12.412695228494623
SCDI,2011,Jun,13.28901701388889
SCDI,2011,Jul,16.621586297419686
SCDI,2011,Aug,16.146128360215055
SCDI,2011,Sep,16.06948298611111
SCDI,2011,Oct,15.61369254032258
SCDI,2011,Nov,14.55797444142512
SCDI,2011,Dec,13.796653225806452
SCDI,2012,Jan,13.452346438172043
SCDI,2012,Feb,12.728092770494273
SCDI,2012,Mar,11.968679756895746
SCDI,2012,Apr,12.202445138888889
SCDI,2012,May,13.24158870967742
SCDI,2012,Jun,15.242968750000001
SCDI,2012,Jul,15.454707575757576
SCDI,2012,Aug,17.86560248655914
SCDI,2012,Sep,18.68465972222222
SCDI,2012,Oct,18.4467247983871
SCDI,2012,Nov,16.114967164855074
SCDI,2012,Dec,14.75874932795699
SCDI,2013,Jan,12.838856244588744
SCDI,2013,Feb,12.677792782738095
SCDI,2013,Mar,12.46904175432445
SCDI,2013,Apr,12.857848958333333
SCDI,2013,May,13.878249663978496
SCDI,2013,Jun,15.739689236111111
SCDI,2013,Jul,16.874393187897304
SCDI,2013,Aug,16.7588125
SCDI,2013,Sep,17.43425277777778
SCDI,2013,Oct,17.207247983870968
SCDI,2013,Nov,16.39074299516908
SCDI,2013,Dec,14.42636559139785
SCDI,2014,Jan,14.61443884408602
SCDI,2014,Feb,13.83831175595238
SCDI,2014,Mar,14.40897485754282
SCDI,2014,Apr,13.207879166666666
SCDI,2014,May,13.933589717741935
SCDI,2014,Jun,15.608669444444445
SCDI,2014,Jul,19.13348281456904
SCDI,2014,Aug,18.338149193548386
SCDI,2014,Sep,19.367133680555554
SCDI,2014,Oct,19.770930107526883
SCDI,2014,Nov,18.240752823067634
SCDI,2014,Dec,16.847560819892472
SCDI,2015,Jan,15.511268817204302
SCDI,2015,Feb,15.891495163690477
SCDI,2015,Mar,15.205647805108539
SCDI,2015,Apr,13.697832291666666
SCDI,2015,May,14.338547379032258
SCDI,2015,Jun,15.60373888888889
SCDI,2015,Jul,18.156294958471108
SCDI,2015,Aug,18.766530913978496
SCDI,2015,Sep,21.584064583333333
SCDI,2015,Oct,20.850798387096773
SCDI,2015,Nov,17.670855012077293
SCDI,2015,Dec,16.449551231060607
SCDI,2016,Jan,14.758489247311829
SCDI,2016,Feb,14.820498204022988
SCDI,2016,Mar,14.801226273959793
SCDI,2016,Apr,13.805901736111112
SCDI,2016,May,14.127001008064516
SCDI,2016,Jun,14.144394444444444
SCDI,2016,Jul,17.921371794117647
SCDI,2016,Aug,19.172283938172043
SCDI,2016,Sep,18.33328298611111
SCDI,2016,Oct,16.660759072580646
SCDI,2016,Nov,16.457792240338165
SCDI,2016,Dec,14.143621975806452
SCDI,2017,Jan,13.694935483870967
SCDI,2017,Feb,13.651941964285715
SCDI,2017,Mar,13.585017356305709
SCDI,2017,Apr,12.904606944444444
SCDI,2017,May,13.433674731182796
SCDI,2017,Jun,15.053262847222223
SCDI,2017,Jul,17.644737985347984
SCDI,2017,Aug,18.5836686827957
SCDI,2017,Sep,18.689868055555554
SCDI,2017,Oct,17.96061995967742
SCDI,2017,Nov,16.34103161231884
SCDI,2017,Dec,15.28344254032258
SCDI,2018,Jan,14.977923306031274
SCDI,2018,Feb,14.342904761904762
SCDI,2018,Mar,13.120605072463768
SCDI,2018,Apr,12.650777430555555
SCDI,2018,May,13.33056686827957
SCDI,2018,Jun,15.051783333333333
SCDI,2018,Jul,18.885034328670493
SCDI,2018,Aug,20.490513104838712
SCDI,2018,Sep,18.61148888888889
SCDI,2018,Oct,18.747128360215054
SCDI,2018,Nov,17.98592608695652
SCDI,2018,Dec,15.520296370967742
SCDI,2019,Jan,14.651449227941177
SCDI,2019,Feb,14.115638764880952
SCDI,2019,Mar,13.526152641421225
SCDI,2019,Apr,13.51078888888889
SCDI,2019,May,14.01587567204301
SCDI,2019,Jun,14.907516666666668
SCDI,2019,Jul,16.77770082236842
SCDI,2019,Aug,17.246086021505377
SCDI,2019,Sep,18.69295659722222
SCDI,2019,Oct,16.73652553763441
SCDI,2019,Nov,16.676109903381644
SCDI,2019,Dec,14.750657507139492
SCDI,2020,Jan,14.155806451612904
SCDI,2020,Feb,14.57971719348659
SCDI,2020,Mar,14.477321898862398
SCDI,2020,Apr,14.061225347222223
SCDI,2020,May,13.828729614695341
SCDI,2020,Jun,15.489463078703704
SCDI,2020,Jul,17.157993933207706
SCDI,2020,Aug,17.104274193548388
SCDI,2020,Sep,18.622395833333332
SCDI,2020,Oct,18.409195788530464
SCDI,2020,Nov,15.127929649758453
SCDI,2020,Dec,13.944764784946237
SCDI,2021,Jan,13.508400537634408
SCDI,2021,Feb,12.68203869047619
SCDI,2021,Mar,12.07826028517999
SCDI,2021,Apr,12.069583333333334
SCDI,2021,May,13.808604390681003
SCDI,2021,Jun,15.405393518518519
SCDI,2021,Jul,18.0969385879793
SCTW,2004,Aug,19.5863
SCTW,2004,Sep,19.95513888888889
SCTW,2004,Oct,17.332353903693317
SCTW,2004,Nov,15.938895833333333
SCTW,2004,Dec,14.63149193548387
SCTW,2005,Jan,14.347274865591398
SCTW,2005,Feb,14.235249255952382
SCTW,2005,Mar,14.711802974520804
SCTW,2005,Apr,12.881985507246377
SCTW,2005,May,13.58398185483871
SCTW,2005,Jun,14.317631944444445
SCTW,2005,Jul,16.579290544871796
SCTW,2005,Aug,19.06491935483871
SCTW,2005,Sep,16.77110763888889
SCTW,2005,Oct,15.296526998597475
SCTW,2005,Nov,15.433802083333333
SCTW,2005,Dec,14.501189516129033
SCTW,2006,Jan,13.116995967741936
SCTW,2006,Feb,13.272075892857142
SCTW,2006,Mar,12.142967069892473
SCTW,2006,Apr,13.205219058490234
SCTW,2006,May,14.39962365591398
SCTW,2006,Jun,15.689649305555555
SCTW,2006,Jul,17.925884168227217
SCTW,2006,Aug,19.332614247311827
SCTW,2006,Sep,17.331128472222222
SCTW,2006,Oct,16.892443022440393
SCTW,2006,Nov,16.507229166666665
SCTW,2006,Dec,14.779885752688172
SCTW,2007,Jan,13.444233870967743
SCTW,2007,Feb,13.997317708333334
SCTW,2007,Mar,13.385240713587487
SCTW,2007,Apr,12.685604166666666
SCTW,2007,May,12.773361852372034
SCTW,2007,Jun,14.446666666666667
SCTW,2007,Jul,17.311816596441947
SCTW,2007,Aug,18.070141129032258
SCTW,2007,Sep,16.3218125
SCTW,2007,Oct,15.13502688172043
SCTW,2007,Nov,14.351305555555555
SCTW,2007,Dec,13.328407258064516
SCTW,2008,Jan,12.626512096774192
SCTW,2008,Feb,12.770050287356321
SCTW,2008,Mar,12.611510635811126
SCTW,2008,Apr,11.945604166666666
SCTW,2008,May,13.027713960727969
SCTW,2008,Jun,14.861756944444444
SCTW,2008,Jul,17.82057120006242
SCTW,2008,Aug,17.59787634408602
SCTW,2008,Sep,16.91175
SCTW,2008,Oct,15.09282258064516
SCTW,2008,Nov,14.146070048309179
SCTW,2008,Dec,12.14600806451613
SCTW,2009,Jan,10.635369623655913
SCTW,2009,Feb,10.711763392857144
SCTW,2009,Mar,10.583928396871945
SCTW,2009,Apr,10.291256944444445
SCTW,2009,May,9.47732434640523
SCTW,2010,Mar,13.231303703703704
SCTW,2010,Apr,13.430694444444445
SCTW,2010,May,12.332773521505377
SCTW,2010,Jun,14.562234722222222
SCTW,2010,Jul,15.783873859126984
SCTW,2010,Aug,15.196620967741936
SCTW,2010,Sep,14.805921527777778
SCTW,2010,Oct,16.649396505376345
SCTW,2010,Nov,15.545205027173914
SCTW,2010,Dec,12.753730846774193
SCTW,2011,Jan,12.732313925438596
SCTW,2011,Feb,13.257664434523809
SCTW,2011,Mar,12.185013922978026
SCTW,2011,Apr,13.141174305555555
SCTW,2011,May,12.87495934139785
SCTW,2011,Jun,13.836697569444445
SCTW,2011,Jul,17.377523110766045
SCTW,2011,Aug,16.9246626344086
SCTW,2011,Sep,16.770619791666668
SCTW,2011,Oct,16.18184946236559
SCTW,2011,Nov,15.032929015700482
SCTW,2011,Dec,14.091957661290323
SCTW,2012,Jan,13.786203965053764
SCTW,2012,Feb,12.988706112159237
SCTW,2012,Mar,12.101015340112202
SCTW,2012,Apr,12.356409722222223
SCTW,2012,May,13.611010416666668
SCTW,2012,Jun,15.882212847222222
SCTW,2012,Jul,16.024311887254903
SCTW,2012,Aug,18.37379603494624
SCTW,2012,Sep,19.08035277777778
SCTW,2012,Oct,18.823362567204303
SCTW,2012,Nov,16.22174208937198
SCTW,2012,Dec,14.734399193548388
SCTW,2013,Jan,12.867153962138508
SCTW,2013,Feb,12.830659226190477
SCTW,2013,Mar,12.737573311126695
SCTW,2013,Apr,13.240385416666667
SCTW,2013,May,14.431471102150537
SCTW,2013,Jun,16.520752083333335
SCTW,2013,Jul,17.77849953703704
SCTW,2013,Aug,17.338957325268815
SCTW,2013,Sep,18.178053819444443
SCTW,2013,Oct,17.510005376344086
SCTW,2013,Nov,16.48042545289855
SCTW,2013,Dec,14.478616599462365
SCTW,2014,Jan,14.689186155913978
SCTW,2014,Feb,13.955639508928572
SCTW,2014,Mar,14.55134172293588
SCTW,2014,Apr,13.495878125
SCTW,2014,May,14.35344186827957
SCTW,2014,Jun,16.258222569444445
SCTW,2014,Jul,19.786787107487925
SCTW,2014,Aug,18.682650201612905
SCTW,2014,Sep,19.825274305555556
SCTW,2014,Oct,20.082649529569892
SCTW,2014,Nov,18.349911986714975
SCTW,2014,Dec,16.92320060483871
SCTW,2015,Jan,15.544929099462365
SCTW,2015,Feb,16.000476190476192
SCTW,2015,Mar,15.558691246980676
SCTW,2015,Apr,14.194133680555556
SCTW,2015,May,14.711667674731183
SCTW,2015,Jun,16.18305
SCTW,2015,Jul,18.637089611444278
SCTW,2015,Aug,19.491759744623657
SCTW,2015,Sep,22.04768784722222
SCTW,2015,Oct,21.282776545698926
SCTW,2015,Nov,17.791713285024155
SCTW,2015,Dec,16.474355318627453
SCTW,2016,Jan,14.70907190860215
SCTW,2016,Feb,14.87838900862069
SCTW,2016,Mar,14.909474111734456
SCTW,2016,Apr,14.10456701388889
SCTW,2016,May,14.485560483870968
SCTW,2016,Jun,14.641207291666667
SCTW,2016,Jul,18.873654939613527
SCTW,2016,Aug,19.696293346774194
SCTW,2016,Sep,18.92986215277778
SCTW,2016,Oct,17.000267473118278
SCTW,2016,Nov,16.563068508454105
SCTW,2016,Dec,14.186390793010753
SCTW,2017,Jan,13.7363000672043
SCTW,2017,Feb,13.691641741071429
SCTW,2017,Mar,13.794437517174854
SCTW,2017,Apr,13.151175
SCTW,2017,May,13.741886088709677
SCTW,2017,Jun,15.930991319444445
SCTW,2017,Jul,18.23541402732635
SCTW,2017,Aug,19.082212701612903
SCTW,2017,Sep,19.024581944444446
SCTW,2017,Oct,18.217541666666666
SCTW,2017,Nov,16.452283408816424
SCTW,2017,Dec,15.313025537634408
SCTW,2018,Jan,15.076762128995433
SCTW,2018,Feb,14.573595238095239
SCTW,2018,Mar,13.377571820944366
SCTW,2018,Apr,12.996725694444445
SCTW,2018,May,13.836028897849463
SCTW,2018,Jun,15.827181944444444
SCTW,2018,Jul,19.567615445557962
SCTW,2018,Aug,21.11232627688172
SCTW,2018,Sep,19.00584375
SCTW,2018,Oct,18.900376344086023
SCTW,2018,Nov,18.100732487922706
SCTW,2018,Dec,15.51609509408602
SCTW,2019,Jan,14.703987066612067
SCTW,2019,Feb,14.100357142857142
SCTW,2019,Mar,13.626799409770921
SCTW,2019,Apr,13.824715972222222
SCTW,2019,May,14.313640456989248
SCTW,2019,Jun,15.670193055555556
SCTW,2019,Jul,17.559636855921855
SCTW,2019,Aug,17.901428427419354
SCTW,2019,Sep,19.345093402777778
SCTW,2019,Oct,17.269956653225805
SCTW,2019,Nov,16.87680458937198
SCTW,2019,Dec,14.783891407203908
SCTW,2020,Jan,14.226530353942653
SCTW,2020,Feb,14.632377394636016
SCTW,2020,Mar,14.514800973001403
SCTW,2020,Apr,14.264428240740742
SCTW,2020,May,14.248188172043012
SCTW,2020,Jun,16.044867824074075
SCTW,2020,Jul,17.46851388888889
SCTW,2020,Aug,17.700675403225805
SCTW,2020,Sep,19.088289583333335
SCTW,2020,Oct,19.526794411698283
SCTW,2021,Apr,12.679428104575164
SCTW,2021,May,14.215254256272402
SCTW,2021,Jun,15.886849537037037
SCTW,2021,Jul,18.565174183455433
